Subject,URL,Loaded,Title,Meta Description,H1,Headings And Copy,Forms And CTAs,Business Facts,Notes,Error
https://www.nyccleaning.co/,https://www.nyccleaning.co/,true,NYC Cleaning and Maintenance offers full service building maintenance and cleaning services in the New York City Metro area.,Not available,NYC Cleaning and Maintenance Services - Keeping NYC Commercial Properties Clean and Safe,"Porter services in New York: Expert solutions for spotless business spaces.|Expert cleaning & regular upkeep to ensure your building stays in excellent condition.|Professional Doorman services ensure secure and efficient guest access and property safety.|We’d be happy to meet with you on site and provide a comprehensive overview to meet your objetive.|NYC Cleaning and Maintenance provides commercial cleaning services throughout New York City. Our professional staff provides full-service maintenance and cleaning for luxury residential, mixed-use, affordable housing, office and commercial properties.|NYC Cleaning and Maintenance can create a plan to suit your business needs. Our services can be scheduled on a monthly, bi-weekly or weekly basis. You can rely on us to provide affordable, efficient and reliable commercial cleaning services.|Expert Cleaners|In Your Neighborhood|Staff and Support|500+ Active Clients|We cater to a wide range of commercial properties. Whether you’re managing a small office, a retail space, or a large commercial facility, we’re here to keep your property clean and well-maintained. Our team is experienced in handling both routine cleaning and more specialized maintenance tasks to ensure your space is always in top shape.|We understand that every business has specific operational hours with various cleaning and maintenance needs throughout the day. NYC Cleaning and Maintenance offers very flexible and customizable schedules to meet your needs. Whether you need daily, weekly, or monthly services, we’ll create a custom plan that works for your property. We aim to ensure that your cleaning and maintenance needs are met without disrupting your day-to-day operations.|Absolutely! We offer full-service packages, including trash removal. Our team works in sync with your building’s waste collection schedule to ensure everything is handled smoothly. If you have questions or need specific details, feel free to reach out! Our goal is to keep your commercial space clean, safe, and welcoming, allowing you to concentrate on running your business successfully.|NYC Cleaning and Maintenance has been a game-changer for our properties. Their attention to detail and reliable service make my job so much easier. The team is always professional and responsive, which is crucial in our fast-paced environment. I can trust them to keep our buildings looking their best!|Partnering with NYC Cleaning and Maintenance has transformed our operations. The customized porter services have significantly improved the upkeep of our properties, and their maintenance team handles issues promptly and efficiently. I highly recommend them to any property manager looking for a dependable service provider.|I couldn\\'t be happier with the cleaning services provided by NYC Cleaning and Maintenance. They take care of my apartment like it\\'s their own, and the results speak for themselves. It\\'s such a relief to have a team I can trust to maintain my home while I focus on my work!|NYC Cleaning and Maintenance exceeded my expectations! Their team not only keeps my property spotless but also provides excellent concierge services for my tenants. Communication is always clear, and the staff is friendly and professional. I highly recommend them to anyone looking for quality cleaning and maintenance.|As a business owner, you know that the upkeep of your premises can make or break your success. A dirty workspace reflects badly on your company. It can cause you to lose clients, reduce your property value, and even result in hefty fines for violating sanitary codes. But don’t stress! NYC Cleaning and Maintenance can provide the services you need to keep your premises clean and looking professional.|In New York’s fast-paced environment, maintaining spotless and functional spaces is essential for commercial success. Unsanitary conditions are not only unappealing but can also lead to lost revenue, and even legal issues. Entrusting your cleaning and maintenance tasks to professionals is the wisest choice to avoid these hassles and keep your business running smoothly.|Here’s why NYC Cleaning and Maintenance services stand out:|Full Coverage: We handle all types of commercial properties, and ensure that your space is always clean and well-maintained.|Schedule Flexibility: We work around your schedule, so you never have to worry about disruptions.|Comprehensive Care: We take care of everything from cleaning to garbage disposal. We coordinate with your building’s waste collection schedule for seamless service.|Let us take the stress out of your cleaning and maintenance tasks so you can focus on what matters—growing your business!",or +1 (212) 918-9037,"NYC Cleaning and Maintenance; New York City Metro area; commercial cleaning services; luxury residential, mixed-use, affordable housing, office and commercial properties; monthly, bi-weekly or weekly basis; 500+ Active Clients; +1 (212) 918-9037; Copyright © 2024 NYC Cleaning",None,
https://www.nyccleaning.co/careers-and-opportunities/,https://www.nyccleaning.co/careers-and-opportunities/,true,Not available,Not available,"Join our team and help make New York City a cleaner, healthier, and more beautiful place.","Join our team and help make New York City a cleaner, healthier, and more beautiful place. | NYC Cleaning and Maintenance team members collaborate to make commercial properties in New York City sparkle.\nAs a NYC Cleaning and Maintenance teammate, you will receive training and competitive pay.\nYou can fill out an application here.\nWe cater to a wide range of commercial properties. Whether you’re managing a small office, a retail space, or a large commercial facility, we’re here to keep your property clean and well-maintained. Our team is experienced in handling both routine cleaning and more specialized maintenance tasks to ensure your space is always in top shape.\nWe understand that every business has specific operational hours with various cleaning and maintenance needs throughout the day. NYC Cleaning and Maintenance offers very flexible and customizable schedules to meet your needs. Whether you need daily, weekly, or monthly services, we’ll create a custom plan that works for your property. We aim to ensure that your cleaning and maintenance needs are met without disrupting your day-to-day operations.\nAbsolutely! We offer full-service packages, including trash removal. Our team works in sync with your building’s waste collection schedule to ensure everything is handled smoothly. If you have questions or need specific details, feel free to reach out! Our goal is to keep your commercial space clean, safe, and welcoming, allowing you to concentrate on running your business successfully.",fill out an application here,"NYC Cleaning and Maintenance team members collaborate to make commercial properties in New York City sparkle; As a NYC Cleaning and Maintenance teammate, you will receive training and competitive pay; We cater to a wide range of commercial properties; Our team is experienced in handling both routine cleaning and more specialized maintenance tasks; NYC Cleaning and Maintenance offers very flexible and customizable schedules to meet your needs; Whether you need daily, weekly, or monthly services, we’ll create a custom plan that works for your property; We offer full-service packages, including trash removal; Our goal is to keep your commercial space clean, safe, and welcoming, allowing you to concentrate on running your business successfully; Copyright © 2024 NYC Cleaning",Page title and meta description were not explicitly available in the extracted markdown content.,
https://www.nyccleaning.co/cleaning-service-nyc/,https://www.nyccleaning.co/cleaning-service-nyc/,true,Not available,Not available,Porters services in New York: Expert solutions for spotless business spaces.,"Porters services in New York: Expert solutions for spotless business spaces.|Top-quality cleaning solutions for commercial properties and businesses.|Commercial Cleaning Pricing in NY: How Not to Pay Through the Nose|Reliable cleaning solutions for a spotless and professional business environment.|Professional Doorman services ensure secure and efficient guest access and property safety.|Comprehensive building upkeep solutions, including repairs, inspections, and routine maintenance.|Maintain a clean and professional environment with our reliable and efficient team.|Detailed and efficient cleaning to keep your property sparkling and well-maintained.|From deep cleans to regular upkeep, we ensure your apartment is always immaculate.|Keep your building in top condition with expert building maintenance management services.|Expert repair and maintenance solutions to keep your building in top condition.|From routine upkeep to urgent repairs, we’ve got you covered.|Expert cleaning & regular upkeep to ensure your building stays in excellent condition.|Professional upkeep for shared spaces, enhancing safety, appearance, and overall ambiance.|Garbage bin cleaning services for a fresher, cleaner property.|Talk to Us About Garbage Bin Cleaning Today|As a responsible property owner or manager and someone who cares about your community, don't let the challenge of managing garbage bins become a burden. By choosing NYC Cleaning and Maintenance for your garbage bin cleaning service, you’re taking an important step toward improving not just your environment, but your entire neighborhood. It’s more than just a cleaning service; it’s a commitment to a better quality of life.|Sweeping & trash services to keep your property clean and hygienic.|Whether you manage a high-rise apartment complex, a commercial office, or a mixed-use property, maintaining the pristine condition of your New York City commercial property can be a challenge. A professional cleaning service such as NYC Cleaning and Maintenance with a professional cleaning service can make this seamless and efficient. We have the professional personnel and equipment to take care of all of your commercial cleaning and maintenance needs and can tailor our services to meet your needs and budget.|NYC Cleaning and Maintenance is dedicated to excellence, no matter the scale of the property. We promise to:|Keep Your Commercial Property Clean — Inside and Out:|We handle garbage collection and removal, ensuring both the interior and exterior of your building are spotless.|Take Care of Common Areas:|First impressions are critical. Maintaining your common areas isn’t just about aesthetics — it’s about creating a positive image and experience for everyone who steps into your building. We ensure your hallways, elevators, and lobbies are meticulously maintained. We leave no corner untouched, ensuring these high-traffic areas always look inviting.|Make Everything Shine:|Our professional cleaning expertise extends to all surfaces, including carpet, tile, decorative elements, and artificial stone. Our services will ensure every inch of your property gleams.",Talk to Us About Garbage Bin Cleaning Today,"Service area: New York City; Company Name: NYC Cleaning and Maintenance; Services: Porter services, Commercial Cleaning, Doorman services, Building upkeep, Apartment cleaning, Building maintenance management, Garbage bin cleaning, Sweeping & trash services",The webpage_extract tool does not provide explicit HTML title or meta description. The title and meta_description fields are marked as 'Not available' accordingly.,
https://www.nyccleaning.co/we-serve-new-york/,https://www.nyccleaning.co/we-serve-new-york/,true,Not available,Not available,Serving the boroughs of New York City,Serving the boroughs of New York City\nGet in touch and see how we can help you.\nGet in touch with us\nSend us a message by filling out the form. We guarantee to respond quickly!\nGet a Free Quote\nLeave your contact details and we’ll reply quickly.\nCall,Get in touch and see how we can help you; Get a Free Quote; Send us a message by filling out the form; Leave your contact details and we’ll reply quickly; Call,Serving the boroughs of New York City; NYC Cleaning; We guarantee to respond quickly!,"Title and meta description were not available from the webpage_extract tool. The tool returned a very minimal amount of content, suggesting it might not have rendered the full page or that the page itself is very sparse.",
https://www.nyccleaning.co/who-we-are/,https://www.nyccleaning.co/who-we-are/,true,Not available,Not available,Not found,"At NYC Cleaning and Maintenance, we are passionate about transforming our city by ensuring clean and safe environments. We partner with landlords and property managers to deliver exceptional cleaning services, one property at a time, while expanding our positive impact throughout the community. Well-maintained properties do more than enhance aesthetics; they create the foundation for vibrant, healthy, and proud neighborhoods. We believe in taking action for meaningful change. Join us in our mission to improve the quality of life for families and communities across New York City.\n\nA place where clean and well-maintained communities enhance the quality of life for everyone, fostering unity and pride.\n\nNYC Cleaning and Maintenance was established in 2020 by a dedicated property manager and an individual passionate about building maintenance and operations. Since our inception, we have expanded our portfolio from just a few properties to servicing several hundred. Today, we take pride in offering a diverse range of services across various asset types, including porter services and maintenance personnel.\n\nHello, neighbors!\n\nAt NYC Cleaning and Maintenance, we recognize that a pristine property is a true reflection of your dedication to our neighborhood. With more than 20 years in the industry, our team is here to ensure your spaces are clean and safe. Let us take care of the cleaning and maintenance, so you can focus on enjoying your property and building lasting connections in our community.\n\n– Ibrahim Jalloh, Founder\n\nAt NYC Cleaning and Maintenance, we take pride in our dedication to providing top-quality cleaning and maintenance services. Our amazing team works tirelessly to keep your buildings clean and our community healthy. We’re grateful for the continued support of our clients and community, and we remain committed to enhancing the quality of life for all. Together, let’s create a cleaner, safer future for our neighborhoods!\n\nAt NYC Cleaning and Maintenance, we are dedicated to making a positive impact in our community. Our commitment to excellence in sanitation and maintenance drives us to continually improve our services and operations. We strive to lead by example, promoting cleanliness and sustainability in every neighborhood we serve. We remain focused on building strong partnerships and fostering an engaged community as we work towards creating a healthier environment for everyone. Stay tuned for updates on our initiatives and community involvement!\n\nCommitment to Quality: We deliver exceptional cleaning and maintenance services that meet the highest standards of excellence.\nProfessional Team: Our skilled and dedicated team is trained to provide reliable and efficient services tailored to client needs.\nCustomer Satisfaction: We prioritize client feedback and strive to exceed expectations through personalized service and attention to detail.\nLocal Focus: As a New York-based company, we are committed to enhancing the quality of life in our communities and supporting local development.\n\nIn our daily lives, sweeping and trash management are vital for maintaining cleanliness and hygiene. Although these tasks may appear routine, they are essential for creating a healthy living environment and fostering sustainability. We understand the importance of sweeping and trash management while utilizing best practices for effective waste disposal.",None,"NYC Cleaning and Maintenance was established in 2020;servicing several hundred properties;more than 20 years in the industry;Ibrahim Jalloh, Founder;New York-based company",Title and meta description are not available as the webpage_extract tool does not provide them. H1 could not be definitively identified without HTML structure.,
https://www.nyccleaning.co/contact/,https://www.nyccleaning.co/contact/,true,Not available,Not available,Get in touch with us,Get in touch with us | Send us a message by filling out the form. We guarantee to respond quickly!\nGet a Free Quote | Leave your contact details and we’ll reply quickly.,Send us a message by filling out the form; Get a Free Quote; Call,We guarantee to respond quickly!,Page title and meta description were not available in the extracted content.,
https://www.nyccleaning.co/about-us/,https://www.nyccleaning.co/about-us/,true,NYC Cleaning and Maintenance Services - Keeping NYC Commercial Properties Clean and Safe,Not available,NYC Cleaning and Maintenance Services - Keeping NYC Commercial Properties Clean and Safe,"NYC Cleaning and Maintenance Services - Keeping NYC Commercial Properties Clean and Safe |\nNYC Cleaning and Maintenance provides commercial cleaning services throughout New York City. Our professional staff provides full-service maintenance and cleaning for luxury residential, mixed-use, affordable housing, office and commercial properties.\nNYC Cleaning and Maintenance can create a plan to suit your business needs. Our services can be scheduled on a monthly, bi-weekly or weekly basis. You can rely on us to provide affordable, efficient and reliable commercial cleaning services.\nExpert Cleaners |\nIn Your Neighborhood |\nStaff and Support |\n500+ Active Clients |\nWe cater to a wide range of commercial properties. Whether you’re managing a small office, a retail space, or a large commercial facility, we’re here to keep your property clean and well-maintained. Our team is experienced in handling both routine cleaning and more specialized maintenance tasks to ensure your space is always in top shape.\nWe understand that every business has specific operational hours with various cleaning and maintenance needs throughout the day. NYC Cleaning and Maintenance offers very flexible and customizable schedules to meet your needs. Whether you need daily, weekly, or monthly services, we’ll create a custom plan that works for your property. We aim to ensure that your cleaning and maintenance needs are met without disrupting your day-to-day operations.\nAbsolutely! We offer full-service packages, including trash removal. Our team works in sync with your building’s waste collection schedule to ensure everything is handled smoothly. If you have questions or need specific details, feel free to reach out! Our goal is to keep your commercial space clean, safe, and welcoming, allowing you to concentrate on running your business successfully.\nYou can complete the contact form, or simply give us a call at (212) 918-9037 to discuss your janitorial and maintenance needs. We can even meet onsite at your property to customize services to meet all of your needs.\nNYC Cleaning and Maintenance has been a game-changer for our properties. Their attention to detail and reliable service make my job so much easier. The team is always professional and responsive, which is crucial in our fast-paced environment. I can trust them to keep our buildings looking their best!\nPartnering with NYC Cleaning and Maintenance has transformed our operations. The customized porter services have significantly improved the upkeep of our properties, and their maintenance team handles issues promptly and efficiently. I highly recommend them to any property manager looking for a dependable service provider.\nI couldn\\'t be happier with the cleaning services provided by NYC Cleaning and Maintenance. They take care of my apartment like it\\'s their own, and the results speak for themselves. It\\'s such a relief to have a team I can trust to maintain my home while I focus on my work!\nNYC Cleaning and Maintenance exceeded my expectations! Their team not only keeps my property spotless but also provides excellent concierge services for my tenants. Communication is always clear, and the staff is friendly and professional. I highly recommend them to anyone looking for quality cleaning and maintenance.",contact form; give us a call; reach out,NYC Cleaning and Maintenance; commercial cleaning services; New York City; luxury residential; mixed-use; affordable housing; office; commercial properties; monthly; bi-weekly; weekly; 500+ Active Clients; (212) 918-9037; Copyright © 2024 NYC Cleaning,Meta description not found.,
https://www.nyccleaning.co/service-guru-app-privacy-policy/,https://www.nyccleaning.co/service-guru-app-privacy-policy/,true,Not available,Not available,Privacy Policy for Service Guru,"# Privacy Policy for Service Guru\nLast Updated: October 3, 2025\n\n## 1. Introduction\nWelcome to Service Guru. This application is owned and operated by NYC Cleaning and Maintenance Group, LLC (“we,” “us,” or “our”). We are committed to protecting your privacy. This Privacy Policy explains how we collect, use, disclose, and safeguard your information when you use our mobile application (the “Application”). Please read this privacy policy carefully. If you do not agree with the terms of this privacy policy, please do not access the application.\n\n## 2. Information We Collect\nWe may collect information about you in a variety of ways. The information we may collect via the Application depends on the content and materials you use, and includes:\n\n### Personal Data You Provide to Us\nWe collect personally identifiable information that you voluntarily provide to us when you register with the Application, such as:\n* Contact Information: Your name, email address, phone number, and physical address.\n* User Role Information: We collect information about your role (e.g., Resident, Property Manager, Property Owner, or Field Worker/Vendor) to provide a tailored experience.\n* Property Information: Address and unit number for the property where services are requested.\n* Work Order Details: Information you provide when submitting a task or request, including text descriptions, photos, and videos of the issue.\n* Communications: Messages and communication between users (e.g., between a resident and property manager) conducted through the Application.\n\n### Data Collected Automatically\nWhen you use the Application, we may automatically collect certain information, including:\n* Usage Data: We collect information about your activity on the Application, such as features you use, actions you take, and the time, frequency, and duration of your activities.\n* Device Information: We may collect information about your mobile device, including the device model, operating system and version, unique device identifiers, and mobile network information.\n* Geolocation Information: We may request access or permission to and track location-based information from your mobile device, either continuously or while you are using the Application, to provide location-based services (such as assigning tasks to nearby field workers). You may change our access or permissions in your device’s settings.\n\n## 3. How We Use Your Information\nHaving accurate information about you permits us to provide you with a smooth, efficient, and customized experience. Specifically, we may use information collected about you via the Application to:\n* Create and manage your account.\n* Facilitate the creation, assignment, tracking, and completion of work orders and service requests.\n* Enable user-to-user communications.\n* Send you push notifications regarding your account or the status of a task.\n* Improve the efficiency and operation of the Application.\n* Monitor and analyze usage and trends to improve your experience.\n* Notify you of updates to the Application.\n* Respond to customer service requests and provide support.\n* Comply with legal and regulatory requirements.\n\n## 4. Disclosure of Your Information\nWe may share information we have collected about you in certain situations. Your information may be disclosed as follows:\n* To Other Users of the Application: To facilitate service requests, your information will be shared with other users. For example, a resident’s name, unit number, and work order details will be shared with the relevant Property Manager and the assigned Field Worker/Vendor.\n* By Law or to Protect Rights: If we believe the release of information about you is necessary to respond to legal process, to investigate or remedy potential violations of our policies, or to protect the rights, property, and safety of others, we may share your information as permitted or required by any applicable law, rule, or regulation.\n* Third-Party Service Providers: We may share your information with third parties that perform services for us or on our behalf, including data analysis, hosting services, customer service, and marketing assistance. These third parties are obligated to protect your information.\n* Business Transfers: We may share or transfer your information in connection with, or during negotiations of, any merger, sale of company assets, financing, or acquisition of all or a portion of our business to another company.\n\n## 5. Security of Your Information\nWe use administrative, technical, and physical security measures to help protect your personal information. While we have taken reasonable steps to secure the personal information you provide to us, please be aware that despite our efforts, no security measures are perfect or impenetrable, and no method of data transmission can be guaranteed against any interception or other type of misuse.\n\n## 6. Data Retention\nWe will only keep your personal information for as long as it is necessary for the purposes set out in this privacy policy, unless a longer retention period is required or permitted by law (such as tax, accounting, or other legal requirements). When we have no ongoing legitimate business need to process your personal information, we will either delete or anonymize it.\n\n## 7. Your Privacy Rights\nDepending on your location, you may have the following rights regarding your personal information:\n* The right to access – You have the right to request copies of your personal data.\n* The right to rectification – You have the right to request that we correct any information you believe is inaccurate or complete information you believe is incomplete.\n* The right to erasure – You have the right to request that we erase your personal data, under certain conditions.\n\nYou can review or change the information in your account or terminate your account at any time by logging into your account settings. Upon your request to terminate your account, we will deactivate or delete your account and information from our active databases.\n\n## 8. Children’s Privacy\nOur services are not intended for use by children under the age of 13. We do not knowingly collect personally identifiable information from children under 13. If we become aware that we have collected personal information from a child under 13, we will take steps to delete such information from our files as soon as possible.\n\n## 9. Changes to This Privacy Policy\nWe may update this Privacy Policy from time to time. The updated version will be indicated by a “Last Updated” date and the updated version will be effective as soon as it is accessible. We encourage you to review this privacy policy frequently to be informed of how we are protecting your information.\n\n## 10. Contact Us\nIf you have questions or comments about this Privacy Policy, please contact us at:\nNYC Cleaning and Maintenance Group, LLC\nPO Box 660009\nFresh Meadows, NY 11366\ninfo@nyccleaning.co",None,"NYC Cleaning and Maintenance Group, LLC; PO Box 660009, Fresh Meadows, NY 11366; info@nyccleaning.co",None,
https://www.nyccleaning.co/category/blog/,https://www.nyccleaning.co/category/blog/,true,Blog Archives - NYC Cleaning and Maintenance,Not available,News,"H3: The Difference Between Standard Cleaning and Deep Cleaning Services\nH3: Emergency Cleaning Services: What NYC Businesses Need to Know\nH3: Why Eco-Friendly Cleaning Solutions Matter in NYC Buildings\nH3: Seasonal Cleaning Checklist for NYC Commercial Properties\nH3: How Clean Workspaces Improve Employee Productivity and Morale\nH3: Post-Construction Cleaning in NYC: What Property Owners Need to Know\nH3: The Hidden Costs of Neglecting Commercial Property Maintenance in NYC\nH3: How Often Should NYC Apartment Buildings Be Deep Cleaned?\nH3: Top Germ Hotspots in NYC Commercial Buildings | NYC Cleaning & Maintenance\nH3: Why Professional Office Cleaning Matters in NYC\nH3: The Ultimate Guide to Apartment Cleaning in NYC: What Every Tenant Should Know\nH3: Eco-Friendly Cleaning in NYC: Products and Practices That Work\nH3: Why Building Maintenance Shouldn’t Be Put Off in a City Like NYC\nH3: How to Vet a Commercial Cleaning Company in NYC: Questions You Must Ask\nH3: Deep Cleaning 101: What It Includes and Why It’s Worth the Investment\nH3: Five Signs Your NYC Office Needs a Deep Cleaning ASAP\nH3: The ROI of Professional Cleaning Services for Commercial Properties\nH3: Managing Cleaning and Maintenance in High-Rise Buildings: NYC Best Practices\nH3: How a Clean Workspace Improves Employee Productivity and Morale\nH3: Essential Spring Cleaning Checklist for NYC Commercial Properties\nH3: How to Prevent the Top 5 Maintenance Issues in NYC Office Buildings\nH3: Why Outsourcing Cleaning and Maintenance Beats Managing In-House Staff\nH3: The Link Between Clean Workspaces and Reduced Sick Days in Offices\nH3: Eco-Friendly Cleaning in NYC: Products and Practices That Work\nH3: The Benefits of a Clean Office: Why Regular Cleaning Matters\nH3: Disinfecting High-Traffic Areas in Your Workplace to Ensure Employee Health\nH3: How to Choose the Best Commercial Cleaning Service for Your NYC Business\nH3: How to Solve the Top Cleaning Challenges for Your New York City Restaurant\nH3: Post-Construction Cleaning: Essential Tips for NYC Commercial Spaces\nH3: First Impressions Matter: Keeping Your NYC Storefront Sparkling\nH3: Eco-Friendly Cleaning in NYC: Products and Practices That Work\nH3: How NYC’s Changing Weather Affects Building Maintenance Needs\nH3: The Hidden Health Hazards of a Dirty Office: Why Regular Cleaning Matters\nH3: Why Regular Maintenance is Critical for Your NYC Building\nH3: Post-Construction Cleaning in NYC: What to Expect Before Reopening Your Space\nH3: How Often Should Your Office Be Professionally Cleaned? NYC Industry Standards Explained\nH3: Cleaning Challenges Unique to New York City Buildings and How to Manage Them Effectively\nH3: Disinfecting vs. Cleaning: What NYC Businesses Often Get Wrong\nH3: Winterization Tips for NYC Properties: Avoid Costly Weather Damage\nH3: The Hidden Health Hazards In Your Office: Why Regular Cleaning Matters\nH3: Why NYC Office Managers Choose NYC Cleaning and Maintenance\nH3: Why Building Repair and Maintenance Shouldn’t Be Put Off in a City Like NYC\nH3: Eco-Friendly Cleaning in NYC: Products and Practices That Work\nH3: Behind the Scenes: A Day in the Life of a NYC Maintenance Staffer\nH3: How to Vet a Commercial Cleaning Company in NYC: Questions You Must Ask\nH3: The Link Between Clean Workspaces and Reduced Sick Days\nH3: Emergency Cleaning Services in NYC: What to Do When Disaster Strikes\nH3: Why NYC Property Managers Need Reliable Porter Services\nH3: How to Budget for Commercial Cleaning and Maintenance Services in NYC\nH3: Porter Services Explained: More Than Just Sweeping and Mopping\nH3: NYC Building Maintenance Management: Tips for Efficiency and Compliance\nH3: Doormen and Security: Creating a Safe and Welcoming NYC Building\nH3: Benefits of Full-Service Janitorial and Maintenance Staffing\nH3: Top Reasons Your NYC Building Needs Professional Common Area Cleaning\nH3: Daily vs. Weekly Cleaning Services: What’s Best for Your Commercial Property?\nH3: Hallway and Common Area Cleaning: The First Impression of Your Building Matters\nH3: How Professional Janitorial Services Improve Office Productivity and Employee Health\nH3: How to Choose the Right Commercial Janitorial Company in NYC\nH3: Top 10 Benefits of Regular Commercial Building Maintenance in New York City\nH3: How Proper Maintenance Prevents Common NYC Building Code Violations\nH3: 5 Signs Your NYC Office Needs a Deep Cleaning ASAP\nH3: Spring Building Maintenance Checklist for New York City Properties\nH3: From Trash to Fresh: The Importance of Regular Garbage Bin Cleaning in NYC Buildings\nH3: Doorman Services: Elevating the Residential Experience in NYC High-Rises\nH3: NYC’s Hidden Grime: Cleaning Tips for High-Traffic Areas in Your Business\nH3: How to Keep Your NYC Building’s Common Areas Immaculate\nH3: How Routine HVAC Cleaning Enhances Air Quality in NYC Workspaces\nH3: Green Cleaning Solutions for New York City Commercial Spaces\nH3: How Regular Office Cleaning Boosts Productivity in NYC Workspaces\nH3: Spring Cleaning in NYC: A Checklist for Property Managers\nH3: The Benefits of Day Porter Services for NYC Businesses\nH3: Cleaning Strategies for NYC’s 24/7 Workspaces\nH3: The Importance of Regular Commercial Cleaning for NYC Businesses\nH3: Top Cleaning Challenges for NYC Restaurants and How to Solve Them\nH3: How to Keep High-Traffic Areas Spotless in NYC Office Buildings\nH3: Essential Maintenance Tasks for NYC Property Managers\nH3: The Role of Cleaning in Maintaining a Professional Business Image\nH3: How to Choose the Right Cleaning Service for Your NYC Business\nH3: The Hidden Costs of Skipping Routine Commercial Maintenance\nH3: Why NYC Offices Should Schedule Deep Cleanings During Flu Season\nH3: 5 Signs It’s Time to Hire a Professional Cleaning Service for Your NYC Office\nH3: Best Practices for Keeping Your Retail Store Clean and Inviting\nH3: Why Regular Window Cleaning is Essential for Your Business Image\nH3: Top Carpet Cleaning Tips for High-Traffic Office Spaces\nH3: The Benefits of Outsourced Janitorial Services for Your Business\nH3: The Benefits of Green Cleaning for Your New York Business\nH3: The Importance of Cleaning in Creating a Professional First Impression\nH3: What is suitable, deep or regular cleaning?\nH3: How Routine Building Maintenance Can Save Your Business Money\nH3: Top 10 Cleaning Tasks That Every Commercial Space Should Prioritize\nH3: What to Expect from a Commercial Cleaning Service\nH3: How to Prepare Your New York City Office for Winter\nH3: Why Regular Office Cleaning is Crucial\nH3: How Commercial Cleaning Services Improve Indoor Air Quality",Get a Free Quote; Lets get a free call; Send request; Submit,(212) 918-9037; Copyright © 2024 NYC Cleaning,None,
https://www.nyccleaning.co/services/common-area-maintenance-services-nyc/,https://www.nyccleaning.co/services/common-area-maintenance-services-nyc/,true,Common Area Maintenance Services NYC | NYC Cleaning,Not available,Common Area Maintenance Services NYC,"In the bustling environment of New York City, maintaining clean and welcoming common areas in your property can be a formidable challenge. Maintaining the appearance of your common areas is not just about aesthetics—it’s about creating a positive experience for everyone who steps into your building. The lobbies, hallways, and other shared spaces are the face of your building, seen by every visitor, tenant, and employee. Ensuring these areas remain spotless is no easy task, especially given the constant flow of people, weather changes, and urban grime. However, when you partner with NYC Cleaning and Maintenance, keeping these high-traffic areas pristine doesn’t have to be a struggle.\n\nImagine having a dedicated service to maintain the common areas of all your properties in New York City, regardless of the building’s type or size. Whether you manage commercial spaces, residential buildings, or mixed-use properties, NYC Cleaning and Maintenance has the professional staff, skills, and tools to take excellent care of it. Our professionals ensure that every space reflects the highest standards of cleanliness and care. When you partner with NYC Cleaning and Maintenance, you can be assured of:\n\nSpotless Lobbies: Your lobby is the first impression guests and tenants have of your property. We make sure it’s always looking its best, with thorough cleaning of corridors and elevators, timely garbage collection, and trash removal services to keep everything fresh and welcoming.\n\nAttention to Detail: We don’t just clean; we care for every aspect of your common areas. From dusting furniture to watering plants, no detail is overlooked. Hallways, elevators, and lobbies receive meticulous attention, ensuring that every corner of your property is maintained to the highest standards.\n\nSparkling Surfaces: Whether your common areas are adorned with carpets, tiles, or decorative elements, we make sure everything shines. Our team is experienced in working with all types of surfaces, including artificial stone, glass, and wood, to keep your property looking its absolute best.\n\nSelecting a quality common area maintenance service represents an investment in your property’s appearance and reputation. With NYC Cleaning and Maintenance’s personalized approach and unwavering dedication to excellence, we are confident in our ability to assist you in maintaining a welcoming and pristine environment for your tenants and guests.\n\nStep 1 | Submit a Request\n\nFill out the form on our website or call us to submit a service request.\n\nStep 2 | Consultation and Approval of Terms\n\nOur specialist will contact you for a consultation. We will discuss all the details, agree on the terms, and calculate the cost of the service.\n\nStep 3 | Contract Signing\n\nAfter agreeing on all the terms, we prepare and sign the contract.\n\nStep 4 | Service Execution\n\nOur team of professionals will start the service at the agreed time. You will receive a quality result and cleanliness in your premises.\n\nWe cater to a wide range of commercial properties. Whether you’re managing a small office, a retail space, or a large commercial facility, we’re here to keep your property clean and well-maintained. Our team is experienced in handling both routine cleaning and more specialized maintenance tasks to ensure your space is always in top shape.\n\nWe understand that every business has specific operational hours with various cleaning and maintenance needs throughout the day. NYC Cleaning and Maintenance offers very flexible and customizable schedules to meet your needs. Whether you need daily, weekly, or monthly services, we’ll create a custom plan that works for your property. We aim to ensure that your cleaning and maintenance needs are met without disrupting your day-to-day operations.\n\nAbsolutely! We offer full-service packages, including trash removal. Our team works in sync with your building’s waste collection schedule to ensure everything is handled smoothly. If you have questions or need specific details, feel free to reach out! Our goal is to keep your commercial space clean, safe, and welcoming, allowing you to concentrate on running your business successfully.\n\nAs a business owner, you know that the upkeep of your premises can make or break your success. A dirty workspace reflects badly on your company. It can cause you to lose clients, reduce your property value, and even result in hefty fines for violating sanitary codes. But don’t stress! NYC Cleaning and Maintenance can provide the services you need to keep your premises clean and looking professional.\n\nIn New York’s fast-paced environment, maintaining spotless and functional spaces is essential for commercial success. Unsanitary conditions are not only unappealing but can also lead to lost revenue, and even legal issues. Entrusting your cleaning and maintenance tasks to professionals is the wisest choice to avoid these hassles and keep your business running smoothly.\n\nHere’s why NYC Cleaning and Maintenance services stand out:\n\nFull Coverage: We handle all types of commercial properties, and ensure that your space is always clean and well-maintained.\n\nSchedule Flexibility: We work around your schedule, so you never have to worry about disruptions.\n\nComprehensive Care: We take care of everything from cleaning to garbage disposal. We coordinate with your building’s waste collection schedule for seamless service.\n\nLet us take the stress out of your cleaning and maintenance tasks so you can focus on what matters—growing your business!","Submit a Request; Fill out the form on our website or call us to submit a service request.; Consultation and Approval of Terms; Our specialist will contact you for a consultation. We will discuss all the details, agree on the terms, and calculate the cost of the service.; Contract Signing; After agreeing on all the terms, we prepare and sign the contract.; Service Execution; Our team of professionals will start the service at the agreed time. You will receive a quality result and cleanliness in your premises.; call us; reach out!","Service area: New York City; Property types: commercial spaces, residential buildings, mixed-use properties, small office, retail space, large commercial facility; Schedules: daily, weekly, monthly services; Services: common area maintenance, thorough cleaning of corridors and elevators, timely garbage collection, trash removal, dusting furniture, watering plants, cleaning carpets, tiles, artificial stone, glass, wood; Company: NYC Cleaning and Maintenance",None,
https://www.nyccleaning.co/services/janitorial-staffing-nyc/,https://www.nyccleaning.co/services/janitorial-staffing-nyc/,true,Not available,Not available,Not found,"As a business owner or property manager, you may think that hiring janitorial staff is a luxury only large corporations can afford.\n\nWhen you hire professional janitorial service from NYC Cleaning and Maintenance, you’re not just paying for someone to mop floors or empty trash bins. You’re investing in a janitorial team that is trained, reliable, and expertly managed to ensure that everything on your cleaning checklist is completed to your satisfaction. This means you won’t have to worry about missed cleaning tasks or having to micromanage the cleaning process.\n\nThe expense of investing in professional janitorial services is balanced by the time and effort saved. When you leave the cleaning to the pros at NYC Cleaning and Maintenance, you can focus on running your business or taking care of other important tasks. The value far outweighs the expenditure, making janitorial services a smart investment.\n\nWhether you’re hosting an extravagant gala in a giant venue, or planning a small gathering, janitorial staffing can be tailored to meet your specific needs. From daily maintenance to covering special events, janitorial staff from NYC Cleaning and Maintenance will keep your space looking its best, whatever the occasion.\n\nWhen you hire a professional janitorial service, you get more than just cleaning. You’re also getting peace of mind, knowing that the job will be done right. NYC Cleaning and Maintenance janitorial staff are trained to meet high standards and often come with a wealth of experience and knowledge. Our professionals use the best tools and cleaning products, ensuring your space is always clean, safe, and welcoming.\n\nInstead of spending your valuable time on cleaning tasks, you can focus on what you do best, running your business.\n\nNYC Cleaning and Maintenance thoroughly vet all of our employees, so you can trust that the people working in your space are reliable and professional.\n\nProfessional janitorial staff have the skills and training to handle a wide variety of tasks, from routine cleaning to more specialized services such as deep cleaning or sanitizing.\n\nSo, if you’re considering hiring professional janitorial staff, call us today to discuss your needs. Just think about the time and energy you will save, and the peace of mind you’ll gain. It’s a value that’s hard to beat.\n\nStep 1 | Submit a Request\n\nFill out the form on our website or call us to submit a service request.\n\nStep 2 | Consultation and Approval of Terms\n\nOur specialist will contact you for a consultation. We will discuss all the details, agree on the terms, and calculate the cost of the service.\n\nStep 3 | Contract Signing\n\nAfter agreeing on all the terms, we prepare and sign the contract.\n\nStep 4 | Service Execution\n\nOur team of professionals will start the service at the agreed time. You will receive a quality result and cleanliness in your premises.\n\nWe cater to a wide range of commercial properties. Whether you’re managing a small office, a retail space, or a large commercial facility, we’re here to keep your property clean and well-maintained. Our team is experienced in handling both routine cleaning and more specialized maintenance tasks to ensure your space is always in top shape.\n\nWe understand that every business has specific operational hours with various cleaning and maintenance needs throughout the day. NYC Cleaning and Maintenance offers very flexible and customizable schedules to meet your needs. Whether you need daily, weekly, or monthly services, we’ll create a custom plan that works for your property. We aim to ensure that your cleaning and maintenance needs are met without disrupting your day-to-day operations.\n\nAbsolutely! We offer full-service packages, including trash removal. Our team works in sync with your building’s waste collection schedule to ensure everything is handled smoothly. If you have questions or need specific details, feel free to reach out! Our goal is to keep your commercial space clean, safe, and welcoming, allowing you to concentrate on running your business successfully.\n\nAs a business owner, you know that the upkeep of your premises can make or break your success. A dirty workspace reflects badly on your company. It can cause you to lose clients, reduce your property value, and even result in hefty fines for violating sanitary codes. But don’t stress! NYC Cleaning and Maintenance can provide the services you need to keep your premises clean and looking professional.\n\nIn New York’s fast-paced environment, maintaining spotless and functional spaces is essential for commercial success. Unsanitary conditions are not only unappealing but can also lead to lost revenue, and even legal issues. Entrusting your cleaning and maintenance tasks to professionals is the wisest choice to avoid these hassles and keep your business running smoothly.\n\nHere’s why NYC Cleaning and Maintenance services stand out:\n\nFull Coverage: We handle all types of commercial properties, and ensure that your space is always clean and well-maintained.\n\nSchedule Flexibility: We work around your schedule, so you never have to worry about disruptions.\n\nComprehensive Care: We take care of everything from cleaning to garbage disposal. We coordinate with your building’s waste collection schedule for seamless service.\n\nLet us take the stress out of your cleaning and maintenance tasks so you can focus on what matters—growing your business!\n\nCopyright © 2024 NYC Cleaning",Submit a Request; Fill out the form on our website; call us to submit a service request; call us today to discuss your needs; reach out!,"NYC Cleaning and Maintenance; janitorial team that is trained, reliable, and expertly managed; janitorial staffing can be tailored to meet your specific needs; From daily maintenance to covering special events; janitorial staff from NYC Cleaning and Maintenance will keep your space looking its best; NYC Cleaning and Maintenance janitorial staff are trained to meet high standards; Our professionals use the best tools and cleaning products; NYC Cleaning and Maintenance thoroughly vet all of our employees; We cater to a wide range of commercial properties; small office, a retail space, or a large commercial facility; experienced in handling both routine cleaning and more specialized maintenance tasks; NYC Cleaning and Maintenance offers very flexible and customizable schedules; daily, weekly, or monthly services; We offer full-service packages, including trash removal; Our team works in sync with your building’s waste collection schedule; Full Coverage: We handle all types of commercial properties; Schedule Flexibility: We work around your schedule; Comprehensive Care: We take care of everything from cleaning to garbage disposal; We coordinate with your building’s waste collection schedule for seamless service; Copyright © 2024 NYC Cleaning","Title, meta description, and H1 were not explicitly available in the `webpage_extract` output.",
https://www.nyccleaning.co/services/house-cleaning-service-nyc/,https://www.nyccleaning.co/services/house-cleaning-service-nyc/,true,Not available,Not available,Not found,"Keeping your home clean is essential for your comfort, health, and mental well-being. But balancing cleaning tasks with your job, children, and the rest of your responsibilities can be a huge challenge. Living in New York, you know that earning a living here is no easy feat, and time is one of your most valuable resources.\n\nConsider how much time you spend tidying up and cleaning each week—two to three hours, perhaps? Multiply that by 52 weeks in a year, and you’re looking at around 156 hours or nearly seven days of your life, spent cleaning. Why not buy back some of that time?\n\nBy delegating the task of weekly cleaning to a professional cleaning service, you can free up your time to focus on what truly matters—whether it’s advancing your career, spending quality time with loved ones, or simply relaxing and enjoying life in this vibrant city.\n\nAs you embrace the fast-paced life in New York City, letting go of tedious household chores can be a lifesaver. Whether you need a one-time deep clean or regular maintenance, NYC Cleaning and Maintenance can tailor our services to suit your needs.\n\nWhen you hire NYC Cleaning and Maintenance to clean your home, you can reclaim your time, reduce stress, and live your best life, focusing on the things that matter most to you. Let our professionals handle all the details. You’ve got more important things to do! Contact us today to get started.\n\nStep 1 | Submit a Request\nFill out the form on our website or call us to submit a service request.\n\nStep 2 | Consultation and Approval of Terms\nOur specialist will contact you for a consultation. We will discuss all the details, agree on the terms, and calculate the cost of the service.\n\nStep 3 | Contract Signing\nAfter agreeing on all the terms, we prepare and sign the contract.\n\nStep 4 | Service Execution\nOur team of professionals will start the service at the agreed time. You will receive a quality result and cleanliness in your premises.",Contact us today to get started.; Fill out the form on our website or call us to submit a service request.,NYC Cleaning and Maintenance; New York City; one-time deep clean; regular maintenance,webpage_extract tool does not provide HTML title or meta description directly.,
https://www.nyccleaning.co/services/deep-cleaning-services-nyc/,https://www.nyccleaning.co/services/deep-cleaning-services-nyc/,true,Not available,Not available,Not found,"Whether you rent or own your property, cleanliness is crucial. Both tenants and landlords benefit from well-maintained living spaces. Deep cleaning is more than just the usual spring cleaning you may have done before and involves reaching all of those hidden spots, under heavy furniture, and inside your appliances. This thorough cleaning process ensures no area is overlooked.\n\nComprehensive cleaning takes care of every part of your home. From scrubbing the floors to dusting the ceilings, deep cleaning services ensure that every surface is immaculate. NYC Cleaning and Maintenance’s professional teams utilize advanced tools, top-of-the-line products, and expert methods to achieve a level of cleanliness that regular cleaning often misses.\n\nHealthier Environment: Eliminating dust, allergens, and bacteria immediately improves your indoor air quality.\n\nBetter Appearance: Enjoy a cleaner home, with a new atmosphere of freshness.\n\nLonger Lifespan: If done regularly, deep cleaning saves your furniture and property surfaces from wearing out prematurely.\n\nLowered Stress Levels: Knowing your home is genuinely clean can lower your stress and boost feelings of well-being.\n\nNYC Cleaning and Maintenance will work with you to develop a deep cleaning package that meets your needs. Take advantage of our comprehensive cleaning services in NYC to enhance your property’s appeal and longevity today.\n\nStep 1 | Submit a Request\nFill out the form on our website or call us to submit a service request.\n\nStep 2 | Consultation and Approval of Terms\nOur specialist will contact you for a consultation. We will discuss all the details, agree on the terms, and calculate the cost of the service.\n\nStep 3 | Contract Signing\nAfter agreeing on all the terms, we prepare and sign the contract.\n\nStep 4 | Service Execution\nOur team of professionals will start the service at the agreed time. You will receive a quality result and cleanliness in your premises.",Submit a Request; call us,Service area: NYC; Company name: NYC Cleaning and Maintenance; Copyright: 2024 NYC Cleaning,The webpage_extract tool did not provide the exact HTML title or meta description. The primary H1 tag was not explicitly identified in the extracted markdown content.,
https://www.nyccleaning.co/services/property-maintenance-services-nyc/,https://www.nyccleaning.co/services/property-maintenance-services-nyc/,true,Property Maintenance Services NYC - NYC Cleaning,Not available,Property Maintenance Services NYC,"The Big Apple is a city full of opportunity and excitement, but it’s also home to multiple challenges, especially when it comes to maintaining commercial real estate. After investing time, money, and energy into establishing your property, the last thing you want is to be bogged down by maintenance issues. The solution? Find a reliable maintenance service to keep your property in top shape.\n\nInquire about their approach to emergency property maintenance needs. Do they have protocols in place for identifying and addressing potential risks? Ask about their emergency response procedures and whether they have a network of reliable contractors ready to handle urgent repairs.\n\nYou’ve probably seen the stereotype of the dilapidated NYC apartment in numerous TV shows, and while it may be exaggerated, there is a hint of truth to it. High tenant turnover can indeed result in swift deterioration of your property. However, instead of resigning yourself to a cycle of constant repairs, there is a more strategic approach: preventive maintenance services. Rather than simply reacting to issues as they arise, you can take steps to prevent them from happening in the first place. This is where preventive maintenance services come into play—a proactive strategy that can save you time, alleviate stress, and preserve your finances.\n\nChoosing the right maintenance company is more than simply hiring a team to fix things when they break. It’s about investing in the longevity and smooth operation of your property. Here’s why it’s worth your while:\n\nIf you choose preventive care, you can tackle issues before they become major problems. Being proactive in your approach to property maintenance can significantly reduce your maintenance costs over time, and help you keep your maintenance budget under control. Fewer emergency repairs mean fewer unexpected expenses.\n\nRegular upkeep preserves the value of your property. Well-kept buildings attract better tenants, command higher rental rates, and are more likely to retain their value over time.\n\nHappy tenants are more likely to stay longer. Timely maintenance ensures your property remains comfortable and functional, reducing tenant complaints and increasing retention.\n\nChoosing the right maintenance service involves evaluating several key features to ensure you get the best value for money. Here’s what to look for:\n\nMake sure the maintenance company you choose has experience dealing with similar properties. For example, managing a mixed-use building is very different from maintaining a residential apartment complex. The company you hire should be well-versed in the specific needs and challenges of maintenance needs for your type of building.\n\nEnsure that their service schedules align with your needs. Can they perform maintenance discreetly during business hours or only outside of office hours? Ensure they can work in coordination with your other service providers, such as cleaning crews, to avoid potential scheduling conflicts.\n\nAs a savvy property manager or owner, taking a proactive approach to maintenance is a smart business move. Don’t wait for issues to escalate; instead, invest in a maintenance service that aligns with your needs and helps you avoid costly future repairs. NYC Cleaning and Maintenance will help you determine the services you need, and craft a maintenance plan that meets your budget, and provides comprehensive coverage and peace of mind.\n\nBy choosing the right preventive maintenance service company, you’re not only addressing today’s needs; you’re investing in the value of your property. Take action now to ensure your New York property remains in prime condition, allowing you to focus on what you do best—running your business.\n\nStep 1 | Submit a Request\n\nFill out the form on our website or call us to submit a service request.\n\nStep 2 | Consultation and Approval of Terms\n\nOur specialist will contact you for a consultation. We will discuss all the details, agree on the terms, and calculate the cost of the service.\n\nStep 3 | Contract Signing\n\nAfter agreeing on all the terms, we prepare and sign the contract.\n\nStep 4 | Service Execution\n\nOur team of professionals will start the service at the agreed time. You will receive a quality result and cleanliness in your premises.\n\nWe cater to a wide range of commercial properties. Whether you’re managing a small office, a retail space, or a large commercial facility, we’re here to keep your property clean and well-maintained. Our team is experienced in handling both routine cleaning and more specialized maintenance tasks to ensure your space is always in top shape.\n\nWe understand that every business has specific operational hours with various cleaning and maintenance needs throughout the day. NYC Cleaning and Maintenance offers very flexible and customizable schedules to meet your needs. Whether you need daily, weekly, or monthly services, we’ll create a custom plan that works for your property. We aim to ensure that your cleaning and maintenance needs are met without disrupting your day-to-day operations.\n\nAbsolutely! We offer full-service packages, including trash removal. Our team works in sync with your building’s waste collection schedule to ensure everything is handled smoothly. If you have questions or need specific details, feel free to reach out! Our goal is to keep your commercial space clean, safe, and welcoming, allowing you to concentrate on running your business successfully.\n\nAs a business owner, you know that the upkeep of your premises can make or break your success. A dirty workspace reflects badly on your company. It can cause you to lose clients, reduce your property value, and even result in hefty fines for violating sanitary codes. But don’t stress! NYC Cleaning and Maintenance can provide the services you need to keep your premises clean and looking professional.\n\nIn New York’s fast-paced environment, maintaining spotless and functional spaces is essential for commercial success. Unsanitary conditions are not only unappealing but can also lead to lost revenue, and even legal issues. Entrusting your cleaning and maintenance tasks to professionals is the wisest choice to avoid these hassles and keep your business running smoothly.\n\nHere’s why NYC Cleaning and Maintenance services stand out:\n\nFull Coverage: We handle all types of commercial properties, and ensure that your space is always clean and well-maintained.\n\nSchedule Flexibility: We work around your schedule, so you never have to worry about disruptions.\n\nComprehensive Care: We take care of everything from cleaning to garbage disposal. We coordinate with your building’s waste collection schedule for seamless service.\n\nLet us take the stress out of your cleaning and maintenance tasks so you can focus on what matters—growing your business!",Submit a Request; call us; Fill out the form on our website,"Service area: NYC, New York; Property types: commercial real estate, mixed-use building, residential apartment complex, small office, retail space, large commercial facility; Company name: NYC Cleaning and Maintenance","The page title was inferred from the URL and the content, as the webpage_extract tool does not directly provide HTML title or meta description. Meta description was not explicitly found in the extracted content.",
https://www.nyccleaning.co/services/building-repair-and-maintenance-services-nyc/,https://www.nyccleaning.co/services/building-repair-and-maintenance-services-nyc/,true,Not available,Not available,Not found,"When it comes to owning or managing property in New York City, building upkeep can often feel overwhelming. Whether it’s regular wear and tear, the brutal NYC weather, or the simple passage of time, keeping your building in top condition is a challenge. If you’re finding it hard to keep up, you’re not alone. You need professional, reliable building repair and maintenance services from NYC Cleaning and Maintenance. Our expert services will help you protect your property by keeping it in top condition, guaranteeing its enduring value.\n\nWhether your commercial property is new and pristine or older and historical, the necessity for proper upkeep is perpetual. While newer buildings are generally easier to maintain, our experts are skilled at handling properties of any age, ensuring they remain in excellent condition. Professional building repair and maintenance services from NYC Cleaning and Maintenance will provide the essential care your property requires to stay in optimal condition.\n\nOur services are comprehensive and tailored to meet the unique needs of your property. When you partner with NYC Cleaning and Maintenance, we will:\n\nKeep the structure in good external and internal condition: Regular maintenance ensures that your building looks good and its systems function properly.\n\nManage environmental factors: The climate in NYC can be harsh, but with proper care, your property will withstand the elements without damage.\n\nSustain your property value: A well-maintained building retains its value, making it a sound investment for the future.\n\nKeep the utilities in service: Regular upkeep ensures that all systems within the building, from plumbing to electrical, are in working order.\n\nProvide regular service to avoid emergencies: Preventive care and regular maintenance are key to avoiding sudden and expensive emergencies. The more urgent the repair, the more costly it can become, making regular maintenance a more cost-effective solution in the long run.\n\nBeyond the basics, NYC Cleaning and Maintenance offers specialized services like protective and anti-corrosion coating and waterproofing systems for roofs. These advanced solutions are essential for ensuring the longevity of your property.\n\nDon’t wait for small problems to become big headaches. With expert building repair and maintenance services from NYC Cleaning and Maintenance, you can keep your property in pristine condition and ensure it remains a valuable asset for many years to come.\n\nStep 1 | Submit a Request\n\nFill out the form on our website or call us to submit a service request.\n\nStep 2 | Consultation and Approval of Terms\n\nOur specialist will contact you for a consultation. We will discuss all the details, agree on the terms, and calculate the cost of the service.\n\nStep 3 | Contract Signing\n\nAfter agreeing on all the terms, we prepare and sign the contract.\n\nStep 4 | Service Execution\n\nOur team of professionals will start the service at the agreed time. You will receive a quality result and cleanliness in your premises.\n\nWe cater to a wide range of commercial properties. Whether you’re managing a small office, a retail space, or a large commercial facility, we’re here to keep your property clean and well-maintained. Our team is experienced in handling both routine cleaning and more specialized maintenance tasks to ensure your space is always in top shape.\n\nWe understand that every business has specific operational hours with various cleaning and maintenance needs throughout the day. NYC Cleaning and Maintenance offers very flexible and customizable schedules to meet your needs. Whether you need daily, weekly, or monthly services, we’ll create a custom plan that works for your property. We aim to ensure that your cleaning and maintenance needs are met without disrupting your day-to-day operations.\n\nAbsolutely! We offer full-service packages, including trash removal. Our team works in sync with your building’s waste collection schedule to ensure everything is handled smoothly. If you have questions or need specific details, feel free to reach out! Our goal is to keep your commercial space clean, safe, and welcoming, allowing you to concentrate on running your business successfully.\n\nAs a business owner, you know that the upkeep of your premises can make or break your success. A dirty workspace reflects badly on your company. It can cause you to lose clients, reduce your property value, and even result in hefty fines for violating sanitary codes. But don’t stress! NYC Cleaning and Maintenance can provide the services you need to keep your premises clean and looking professional.\n\nIn New York’s fast-paced environment, maintaining spotless and functional spaces is essential for commercial success. Unsanitary conditions are not only unappealing but can also lead to lost revenue, and even legal issues. Entrusting your cleaning and maintenance tasks to professionals is the wisest choice to avoid these hassles and keep your business running smoothly.\n\nHere’s why NYC Cleaning and Maintenance services stand out:\n\nFull Coverage: We handle all types of commercial properties, and ensure that your space is always clean and well-maintained.\n\nSchedule Flexibility: We work around your schedule, so you never have to worry about disruptions.\n\nComprehensive Care: We take care of everything from cleaning to garbage disposal. We coordinate with your building’s waste collection schedule for seamless service.\n\nLet us take the stress out of your cleaning and maintenance tasks so you can focus on what matters—growing your business!\n\nCopyright © 2024 NYC Cleaning",Submit a Request; Fill out the form on our website; call us,"Service area: New York City, NYC; Services: building repair and maintenance services, protective and anti-corrosion coating and waterproofing systems for roofs, routine cleaning and more specialized maintenance tasks, trash removal; Property types: commercial property, small office, retail space, large commercial facility; Schedules: flexible and customizable schedules, daily, weekly, or monthly services; Guarantees/Claims: guaranteeing its enduring value, quality result and cleanliness, keep your property in pristine condition and ensure it remains a valuable asset, Full Coverage, Schedule Flexibility, Comprehensive Care; Company Name: NYC Cleaning and Maintenance, NYC Cleaning; Copyright: Copyright © 2024 NYC Cleaning","The webpage_extract tool does not provide HTML title or meta description directly, so these fields are marked as 'Not available'. The primary H1 could not be definitively identified from the markdown output, so it is marked as 'Not found'.",
https://www.nyccleaning.co/services/commercial-building-maintenance-nyc/,https://www.nyccleaning.co/services/commercial-building-maintenance-nyc/,true,Not available,Not available,Maintaining a commercial property in New York City can feel overwhelming.,"Maintaining a commercial property in New York City can feel overwhelming. The responsibilities are endless—keeping everything clean, managing repairs, and ensuring the safety of tenants. By partnering with a dedicated building maintenance service like NYC Cleaning and Maintenance, you can simplify this complex process, and ensure your property remains in top condition.\n\nCommercial buildings are a significant investment and can be the source of many headaches. From rising energy bills to unexpected repairs, the demands of maintaining your property can quickly become overwhelming. Building maintenance service from NYC Cleaning and Maintenance can take the pressure off by handling all aspects of your building upkeep. Whether you own a middle-sized office building or a large business complex, our services will keep everything running smoothly and efficiently.\n\nYour commercial property is too valuable to leave its upkeep to just one or two employees. The demands of maintaining a large building are far too complex for a small team. Partnering with a dedicated building maintenance company is not just a good idea; it’s a smart investment. At NYC Cleaning and Maintenance, our services are designed to manage everything from routine cleaning to emergency repairs, keeping your property in top condition at all times. By delegating these tasks to professionals, you can concentrate on running your business and maximizing your profits.\n\nNYC Cleaning and Maintenance offers a comprehensive range of solutions to meet your needs.\n\nComprehensive Care: We manage all property types with speed and precision. Whether your tenants are families with children or professionals in white-collar jobs, we ensure that everyone is satisfied with the cleanliness and safety of the environment. From sparkling meeting rooms and offices to safe and clean lobbies and hallways, we’ve got you covered.\n\nFlexible Scheduling: We match your workflow. Whether you need services during business hours or outside of them, we’re here to get the job done on time and without any disruption.\n\nAdvanced Cleaning Solutions: We don’t just clean dust and stains; we tackle all types of contamination. Our services include the removal of viruses, bacteria, and insects, ensuring that your property is as hygienic as it is attractive. Plus, with regular cleaning, the risk of pest infestations will be reduced, as pests are less likely to be drawn to well-maintained areas.\n\nAs a responsible property owner or manager, it’s crucial to take building management seriously. Entrusting this vital aspect of your business to professionals is not only a smart move but a necessary one. By choosing a reliable building maintenance service, you’re improving your property, maintaining its value, and keeping your tenants satisfied. Contact us today to discuss your needs.\n\nStep 1 | Submit a Request\n\nFill out the form on our website or call us to submit a service request.\n\nStep 2 | Consultation and Approval of Terms\n\nOur specialist will contact you for a consultation. We will discuss all the details, agree on the terms, and calculate the cost of the service.\n\nStep 3 | Contract Signing\n\nAfter agreeing on all the terms, we prepare and sign the contract.\n\nStep 4 | Service Execution\n\nOur team of professionals will start the service at the agreed time. You will receive a quality result and cleanliness in your premises.\n\nWe cater to a wide range of commercial properties. Whether you’re managing a small office, a retail space, or a large commercial facility, we’re here to keep your property clean and well-maintained. Our team is experienced in handling both routine cleaning and more specialized maintenance tasks to ensure your space is always in top shape.\n\nWe understand that every business has specific operational hours with various cleaning and maintenance needs throughout the day. NYC Cleaning and Maintenance offers very flexible and customizable schedules to meet your needs. Whether you need daily, weekly, or monthly services, we’ll create a custom plan that works for your property. We aim to ensure that your cleaning and maintenance needs are met without disrupting your day-to-day operations.\n\nAbsolutely! We offer full-service packages, including trash removal. Our team works in sync with your building’s waste collection schedule to ensure everything is handled smoothly. If you have questions or need specific details, feel free to reach out! Our goal is to keep your commercial space clean, safe, and welcoming, allowing you to concentrate on running your business successfully.\n\nAs a business owner, you know that the upkeep of your premises can make or break your success. A dirty workspace reflects badly on your company. It can cause you to lose clients, reduce your property value, and even result in hefty fines for violating sanitary codes. But don’t stress! NYC Cleaning and Maintenance can provide the services you need to keep your premises clean and looking professional.\n\nIn New York’s fast-paced environment, maintaining spotless and functional spaces is essential for commercial success. Unsanitary conditions are not only unappealing but can also lead to lost revenue, and even legal issues. Entrusting your cleaning and maintenance tasks to professionals is the wisest choice to avoid these hassles and keep your business running smoothly.\n\nHere’s why NYC Cleaning and Maintenance services stand out:\n\nFull Coverage: We handle all types of commercial properties, and ensure that your space is always clean and well-maintained.\n\nSchedule Flexibility: We work around your schedule, so you never have to worry about disruptions.\n\nComprehensive Care: We take care of everything from cleaning to garbage disposal. We coordinate with your building’s waste collection schedule for seamless service.\n\nLet us take the stress out of your cleaning and maintenance tasks so you can focus on what matters—growing your business!",Submit a Request; Fill out the form on our website or call us to submit a service request; Contact us today to discuss your needs,"Company Name: NYC Cleaning and Maintenance; Service Area: New York City; Services: Commercial building maintenance, routine cleaning, emergency repairs, virus/bacteria/insect removal, trash removal; Property Types: Middle-sized office building, large business complex, small office, retail space, large commercial facility; Scheduling: Flexible, customizable, daily, weekly, monthly services; Guarantees: Quality result and cleanliness; Copyright: 2024 NYC Cleaning",None,
https://www.nyccleaning.co/services/commercial-janitorial-cleaning-services-nyc/,https://www.nyccleaning.co/services/commercial-janitorial-cleaning-services-nyc/,true,Not available,Not available,Not found,"New York is a city that never sleeps, and its fast-paced environment can be harsh on commercial properties. With the city’s constant hustle and bustle, your office can quickly become a reflection of the chaos outside—cluttered, dirty, and uninviting. But hiring the right company to manage your janitorial and cleaning needs is a wise investment that will preserve the value and appearance of your commercial space!\n\nThe moment a new commercial space opens its doors, it begins to be exposed to the wear and tear that comes with being in a bustling metropolis like NYC. Whether it’s from daily foot traffic, pollution, or the ever-changing weather, your commercial property is constantly under pressure. Without the right maintenance, even the newest buildings can quickly begin to look worn and outdated. Professional janitorial services and commercial cleaning are critical to keeping your property looking fresh and functioning at its best.\n\nOffice maintenance isn’t just about surface cleaning; it’s about creating a healthy, efficient, and professional environment. Here’s what you can expect from NYC Cleaning and Maintenance. NY: | Maintain healthy and hygienic conditions: Regular, thorough cleaning keeps your office space just clean but also conducive to productivity. | Timely cleaning and disinfection of restrooms: Restrooms are high-traffic areas that need regular attention to maintain hygiene and prevent the spread of germs. | Sustain property value: Proper, regular cleaning and maintenance preserves the value of your property, ensuring it remains a worthwhile investment. | Keep all workspaces serviceable: A well-maintained property is not only visually appealing but also functional and safe for employees and visitors. | Trash removal and recycling: Effective waste management keeps your office clean while supporting environmental sustainability.\n\nCertain commercial settings need specialized cleaning & janitorial services. For example, healthcare facilities require medical-grade cleaning to meet strict health and hygiene standards, restaurants must be carefully cleaned and disinfected to ensure food safety and public health, and industrial spaces might need specialized cleaning for machinery and equipment. Specialized cleaning services from NYC Cleaning and Maintenance will ensure that every aspect of your property is meticulously maintained, no matter how unique its needs may be.\n\nAs a responsible business owner or property manager, it’s crucial to prioritize the cleanliness and maintenance of your commercial space. By partnering with our professional commercial cleaning services, you’re not just ensuring a safe and clean environment, you’re investing in the long-term value of your property, the productivity of the employees who work there, and the impression you leave on clients and visitors. Choose the best commercial cleaning services in New York City. Contact us today to discuss your needs.\n\nStep 1 | Submit a Request | Fill out the form on our website or call us to submit a service request.\n\nStep 2 | Consultation and Approval of Terms | Our specialist will contact you for a consultation. We will discuss all the details, agree on the terms, and calculate the cost of the service.\n\nStep 3 | Contract Signing | After agreeing on all the terms, we prepare and sign the contract.\n\nStep 4 | Service Execution | Our team of professionals will start the service at the agreed time. You will receive a quality result and cleanliness in your premises.\n\nWe cater to a wide range of commercial properties. Whether you’re managing a small office, a retail space, or a large commercial facility, we’re here to keep your property clean and well-maintained. Our team is experienced in handling both routine cleaning and more specialized maintenance tasks to ensure your space is always in top shape.\n\nWe understand that every business has specific operational hours with various cleaning and maintenance needs throughout the day. NYC Cleaning and Maintenance offers very flexible and customizable schedules to meet your needs. Whether you need daily, weekly, or monthly services, we’ll create a custom plan that works for your property. We aim to ensure that your cleaning and maintenance needs are met without disrupting your day-to-day operations.\n\nAbsolutely! We offer full-service packages, including trash removal. Our team works in sync with your building’s waste collection schedule to ensure everything is handled smoothly. If you have questions or need specific details, feel free to reach out! Our goal is to keep your commercial space clean, safe, and welcoming, allowing you to concentrate on running your business successfully.\n\nAs a business owner, you know that the upkeep of your premises can make or break your success. A dirty workspace reflects badly on your company. It can cause you to lose clients, reduce your property value, and even result in hefty fines for violating sanitary codes. But don’t stress! NYC Cleaning and Maintenance can provide the services you need to keep your premises clean and looking professional.\n\nIn New York’s fast-paced environment, maintaining spotless and functional spaces is essential for commercial success. Unsanitary conditions are not only unappealing but can also lead to lost revenue, and even legal issues. Entrusting your cleaning and maintenance tasks to professionals is the wisest choice to avoid these hassles and keep your business running smoothly.\n\nHere’s why NYC Cleaning and Maintenance services stand out: | Full Coverage: We handle all types of commercial properties, and ensure that your space is always clean and well-maintained. | Schedule Flexibility: We work around your schedule, so you never have to worry about disruptions. | Comprehensive Care: We take care of everything from cleaning to garbage disposal. We coordinate with your building’s waste collection schedule for seamless service.\n\nLet us take the stress out of your cleaning and maintenance tasks so you can focus on what matters—growing your business!",Submit a Request; call us; Contact us today to discuss your needs; Fill out the form on our website,"Service area: New York City; Services: Commercial Janitorial Cleaning Services, Office maintenance, Restroom cleaning and disinfection, Trash removal and recycling, Specialized cleaning services (healthcare facilities, restaurants, industrial spaces); Flexible and customizable schedules (daily, weekly, monthly services); Full-service packages including trash removal; Copyright © 2024 NYC Cleaning",Title and meta description were not directly extractable using webpage_extract tool.,
https://www.nyccleaning.co/services/janitorial-services-nyc/,https://www.nyccleaning.co/services/janitorial-services-nyc/,true,Not available,Not available,Not found,"In the hustle and bustle of New York life, it can be easy to overlook the routine tasks involved in maintaining your commercial real estate. That’s why professional cleaning and maintenance services are a necessity. A reliable facility janitorial team is critical to any well-maintained property.\n\nOur professional cleaners use specialized equipment and high-quality cleaning products to tackle even the toughest dirt and grime. Whether maintaining the shine of your floors or ensuring that high-traffic areas are free of dust and debris, our team comes equipped with the right tools and knows how to use them efficiently.\n\nHigh-quality janitorial services are essential for ensuring a clean, safe, and pleasant environment for both tenants and visitors, as well as maintaining the value and appeal of your property. NYC Cleaning and Maintenance can customize the services you need for your property. Whether you need daily cleaning, weekly maintenance, or a more flexible schedule, we will develop a solution to fit your needs.\n\nStep 1 | Submit a Request\nFill out the form on our website or call us to submit a service request.\n\nStep 2 | Consultation and Approval of Terms\nOur specialist will contact you for a consultation. We will discuss all the details, agree on the terms, and calculate the cost of the service.\n\nStep 3 | Contract Signing\nAfter agreeing on all the terms, we prepare and sign the contract.\n\nStep 4 | Service Execution\nOur team of professionals will start the service at the agreed time. You will receive a quality result and cleanliness in your premises.\n\nWe cater to a wide range of commercial properties. Whether you’re managing a small office, a retail space, or a large commercial facility, we’re here to keep your property clean and well-maintained. Our team is experienced in handling both routine cleaning and more specialized maintenance tasks to ensure your space is always in top shape.\n\nWe understand that every business has specific operational hours with various cleaning and maintenance needs throughout the day. NYC Cleaning and Maintenance offers very flexible and customizable schedules to meet your needs. Whether you need daily, weekly, or monthly services, we’ll create a custom plan that works for your property. We aim to ensure that your cleaning and maintenance needs are met without disrupting your day-to-day operations.\n\nAbsolutely! We offer full-service packages, including trash removal. Our team works in sync with your building’s waste collection schedule to ensure everything is handled smoothly. If you have questions or need specific details, feel free to reach out! Our goal is to keep your commercial space clean, safe, and welcoming, allowing you to concentrate on running your business successfully.\n\nAs a business owner, you know that the upkeep of your premises can make or break your success. A dirty workspace reflects badly on your company. It can cause you to lose clients, reduce your property value, and even result in hefty fines for violating sanitary codes. But don’t stress! NYC Cleaning and Maintenance can provide the services you need to keep your premises clean and looking professional.\n\nIn New York’s fast-paced environment, maintaining spotless and functional spaces is essential for commercial success. Unsanitary conditions are not only unappealing but can also lead to lost revenue, and even legal issues. Entrusting your cleaning and maintenance tasks to professionals is the wisest choice to avoid these hassles and keep your business running smoothly.\n\nHere’s why NYC Cleaning and Maintenance services stand out:\n\nFull Coverage: We handle all types of commercial properties, and ensure that your space is always clean and well-maintained.\n\nSchedule Flexibility: We work around your schedule, so you never have to worry about disruptions.\n\nComprehensive Care: We take care of everything from cleaning to garbage disposal. We coordinate with your building’s waste collection schedule for seamless service.\n\nLet us take the stress out of your cleaning and maintenance tasks so you can focus on what matters—growing your business!",Submit a Request; Fill out the form on our website; call us; reach out!,"NYC Cleaning and Maintenance; New York; commercial properties; small office, retail space, large commercial facility; daily, weekly, monthly services; Copyright © 2024 NYC Cleaning",Title and meta description were not directly available from the webpage_extract tool output.,
https://www.nyccleaning.co/services/building-maintenance-management-nyc/,https://www.nyccleaning.co/services/building-maintenance-management-nyc/,true,Not available,Not available,Not found,"Maintaining a commercial property in New York City involves much more than just keeping the lights on. You have to ensure the well-being of your tenants, the sustainability of your building, and the overall value of your investment. Proper maintenance is a critical aspect of building operations, requiring innovative solutions to maintain building systems, reduce the need for costly repairs, and keep your tenants safe, healthy, and satisfied.\nExpert building maintenance services from NYC Cleaning and Maintenance will help you streamline the many details involved in maintaining your property—keeping all of its systems running smoothly, ensuring the comfort and safety of its occupants, and ultimately, securing your investment.\nWhen it comes to property maintenance in New York, there’s no one-size-fits-all solution. Each building has its own unique needs, but certain building maintenance practices are universal. Building maintenance management from NYC Cleaning and Maintenance will ensure that your commercial property remains functional, its systems operate smoothly, and it is comfortable for its occupants.\nCleaning the common areas of the building: Regular cleaning ensures that shared spaces remain inviting and hygienic.\nRodent and pest control: Keeping pests at bay is crucial for maintaining a healthy and safe environment.\nGardening and landscaping: Well-maintained outdoor spaces contribute to the overall appeal and value of the property.\nConducting safety checks: Regular safety inspections, including fire alarm installations and checks, are vital for protecting tenants and the property.\nMechanical and electrical systems servicing: Ensuring that heating, cooling, water, and electrical systems are in good working order prevents costly repairs and inconveniences for your tenants.\nNYC Cleaning and Maintenance will ensure these key services are met, keeping your building in top condition, and demonstrating a commitment to the well-being of your tenants—a key factor in maintaining long-term occupancy and satisfaction. Contact us to discuss how our services can help you maintain your building, protect your investment, and give you peace of mind.\nStep 1 | Submit a Request\nFill out the form on our website or call us to submit a service request.\nStep 2 | Consultation and Approval of Terms\nOur specialist will contact you for a consultation. We will discuss all the details, agree on the terms, and calculate the cost of the service.\nStep 3 | Contract Signing\nAfter agreeing on all the terms, we prepare and sign the contract.\nStep 4 | Service Execution\nOur team of professionals will start the service at the agreed time. You will receive a quality result and cleanliness in your premises.\nWe cater to a wide range of commercial properties. Whether you’re managing a small office, a retail space, or a large commercial facility, we’re here to keep your property clean and well-maintained. Our team is experienced in handling both routine cleaning and more specialized maintenance tasks to ensure your space is always in top shape.\nWe understand that every business has specific operational hours with various cleaning and maintenance needs throughout the day. NYC Cleaning and Maintenance offers very flexible and customizable schedules to meet your needs. Whether you need daily, weekly, or monthly services, we’ll create a custom plan that works for your property. We aim to ensure that your cleaning and maintenance needs are met without disrupting your day-to-day operations.\nAbsolutely! We offer full-service packages, including trash removal. Our team works in sync with your building’s waste collection schedule to ensure everything is handled smoothly. If you have questions or need specific details, feel free to reach out! Our goal is to keep your commercial space clean, safe, and welcoming, allowing you to concentrate on running your business successfully.\nAs a business owner, you know that the upkeep of your premises can make or break your success. A dirty workspace reflects badly on your company. It can cause you to lose clients, reduce your property value, and even result in hefty fines for violating sanitary codes. But don’t stress! NYC Cleaning and Maintenance can provide the services you need to keep your premises clean and looking professional.\nIn New York’s fast-paced environment, maintaining spotless and functional spaces is essential for commercial success. Unsanitary conditions are not only unappealing but can also lead to lost revenue, and even legal issues. Entrusting your cleaning and maintenance tasks to professionals is the wisest choice to avoid these hassles and keep your business running smoothly.\nHere’s why NYC Cleaning and Maintenance services stand out:\nFull Coverage: We handle all types of commercial properties, and ensure that your space is always clean and well-maintained.\nSchedule Flexibility: We work around your schedule, so you never have to worry about disruptions.\nComprehensive Care: We take care of everything from cleaning to garbage disposal. We coordinate with your building’s waste collection schedule for seamless service.\nLet us take the stress out of your cleaning and maintenance tasks so you can focus on what matters—growing your business!","Contact us to discuss how our services can help you maintain your building, protect your investment, and give you peace of mind.; Fill out the form on our website or call us to submit a service request.","Service area: New York City; Services: Commercial property maintenance, cleaning, rodent and pest control, gardening and landscaping, safety checks, mechanical and electrical systems servicing, trash removal; Schedule: Flexible and customizable schedules (daily, weekly, monthly); Company name: NYC Cleaning and Maintenance, NYC Cleaning; Copyright: Copyright © 2024 NYC Cleaning","The webpage_extract tool does not provide HTML title or meta description, nor does it explicitly identify H1 tags. Therefore, these fields are marked as 'Not available' or 'Not found'.",
https://www.nyccleaning.co/services/building-maintenance-nyc/,https://www.nyccleaning.co/services/building-maintenance-nyc/,true,Not available,Not available,Not found,"If you own a residential or mixed-use building, you’ve made a substantial investment that you undoubtedly want to protect and grow. One of the most effective ways to attract new tenants and retain current ones is by taking building maintenance seriously. Regular upkeep not only preserves the aesthetic appeal of your property but also prevents costly repairs and ensures a safe, comfortable environment for everyone.\n\nKeeping your building clean is the cornerstone of commercial property upkeep. It involves routine cleaning tasks that keep your property in pristine condition. This includes everything from sweeping and mopping common areas to deep cleaning carpets, windows, and high-traffic zones. It’s essential to maintain a clean and sanitary environment not just for appearances but for health reasons as well. Other benefits of regular cleaning and maintenance include:\n\nEnhanced Curb Appeal: A clean building is more attractive to potential tenants, boosting occupancy rates.\n\nHealth and Safety: Regular cleaning reduces allergens and prevents the spread of bacteria and viruses, ensuring a healthier living environment.\n\nLonger Lifespan for Surfaces: Proper cleaning prevents the buildup of dirt and grime that can wear down surfaces over time, extending the life of floors, walls, and textiles.\n\nPositive Tenant Experience: Cleanliness is the first thing a reliable tenant considers. It contributes to their living experience, which results in higher tenant satisfaction and positive feedback.\n\nTimely and efficient trash removal is crucial for maintaining a sanitary and organized property. This service involves the regular collection and disposal of waste, ensuring that trash is not left to accumulate and cause problems. Trash removal is critical for:\n\nPrevention of Pest Infestations: Timely waste removal eliminates the breeding grounds for pests like rodents and insects, protecting the building from infestations.\n\nImproved Aesthetics: A property free of overflowing trash bins and scattered waste presents a cleaner, more appealing image.\n\nHealth and Sanitation: Proper waste management helps prevent the spread of disease and maintains a healthier environment for tenants.\n\nCompliance with Regulations: Adhering to local waste disposal regulations avoids potential fines and neighbors’ complaints.\n\nMaintaining your commercial property involves many critical tasks and details that must be managed. NYC Cleaning and Maintenance provides a comprehensive range of services, including management and supervision of building maintenance. We can handle everything from routine maintenance to emergency repairs, tenant relations, and financial management. We bring expertise and experience, ensuring your property is well-maintained and compliant with all regulations.\n\nWhen you partner with NYC Cleaning and Maintenance, you experience the following benefits:\n\nExpertise: NYC Cleaning and Maintenance has the knowledge and experience to handle all aspects of your building maintenance efficiently.\n\nTime-Saving: By outsourcing your building maintenance tasks, you free up your time to focus on other important matters.\n\nReduced Stress: With our trained professionals handling your day-to-day maintenance needs, you can enjoy peace of mind knowing that your property is in good hands.\n\nComprehensive Services: We offer a wide range of services, from routine cleaning to complex repairs, ensuring that all maintenance needs are met.\n\nContact us today to find out how we can help you enhance your property’s longevity, attract quality tenants, and stand out in New York city’s competitive real estate market.\n\nStep 1 | Submit a Request\n\nFill out the form on our website or call us to submit a service request.\n\nStep 2 | Consultation and Approval of Terms\n\nOur specialist will contact you for a consultation. We will discuss all the details, agree on the terms, and calculate the cost of the service.\n\nStep 3 | Contract Signing\n\nAfter agreeing on all the terms, we prepare and sign the contract.\n\nStep 4 | Service Execution\n\nOur team of professionals will start the service at the agreed time. You will receive a quality result and cleanliness in your premises.\n\nWe cater to a wide range of commercial properties. Whether you’re managing a small office, a retail space, or a large commercial facility, we’re here to keep your property clean and well-maintained. Our team is experienced in handling both routine cleaning and more specialized maintenance tasks to ensure your space is always in top shape.\n\nWe understand that every business has specific operational hours with various cleaning and maintenance needs throughout the day. NYC Cleaning and Maintenance offers very flexible and customizable schedules to meet your needs. Whether you need daily, weekly, or monthly services, we’ll create a custom plan that works for your property. We aim to ensure that your cleaning and maintenance needs are met without disrupting your day-to-day operations.\n\nAbsolutely! We offer full-service packages, including trash removal. Our team works in sync with your building’s waste collection schedule to ensure everything is handled smoothly. If you have questions or need specific details, feel free to reach out! Our goal is to keep your commercial space clean, safe, and welcoming, allowing you to concentrate on running your business successfully.\n\nAs a business owner, you know that the upkeep of your premises can make or break your success. A dirty workspace reflects badly on your company. It can cause you to lose clients, reduce your property value, and even result in hefty fines for violating sanitary codes. But don’t stress! NYC Cleaning and Maintenance can provide the services you need to keep your premises clean and looking professional.\n\nIn New York’s fast-paced environment, maintaining spotless and functional spaces is essential for commercial success. Unsanitary conditions are not only unappealing but can also lead to lost revenue, and even legal issues. Entrusting your cleaning and maintenance tasks to professionals is the wisest choice to avoid these hassles and keep your business running smoothly.\n\nHere’s why NYC Cleaning and Maintenance services stand out:\n\nFull Coverage: We handle all types of commercial properties, and ensure that your space is always clean and well-maintained.\n\nSchedule Flexibility: We work around your schedule, so you never have to worry about disruptions.\n\nComprehensive Care: We take care of everything from cleaning to garbage disposal. We coordinate with your building’s waste collection schedule for seamless service.\n\nLet us take the stress out of your cleaning and maintenance tasks so you can focus on what matters—growing your business!","Submit a Request; Fill out the form on our website or call us to submit a service request; Contact us today to find out how we can help you enhance your property’s longevity, attract quality tenants, and stand out in New York city’s competitive real estate market.",NYC Cleaning and Maintenance provides a comprehensive range of services; NYC Cleaning and Maintenance has the knowledge and experience; We cater to a wide range of commercial properties; NYC Cleaning and Maintenance offers very flexible and customizable schedules; Service area: New York City; Copyright © 2024 NYC Cleaning,None,
https://www.nyccleaning.co/services/doorman-services-nyc/,https://www.nyccleaning.co/services/doorman-services-nyc/,true,Not available,Not available,Doorman Services NYC,"In a city like New York, where thousands of people pass through buildings daily, managing building access while maintaining a professional and welcoming atmosphere is essential. A doorman offers just that—balancing the dual roles of a welcoming face and an efficient security presence.\n\nFor years, pop culture has portrayed doormen as fixtures of glamorous hotels and luxurious apartment buildings. However, doorman services encompass a much broader set of responsibilities. Whether for a commercial or residential property, a doorman provides a modern solution to the everyday needs of city living, blending top-tier hospitality with crucial security measures.\n\nA secure and welcoming atmosphere in your building is essential. Residents or employees in NYC buildings have to deal with constant deliveries, visitors, and maintenance personnel. While often thought of as a throwback to more traditional times or something reserved only for high-end buildings, doorman services are anything but outdated. They provide both hospitality and security in an integrated way.\n\nSome of the most significant benefits of hiring doorman services for your NYC building include:\n\nOne of the core functions of a doorman is screening visitors and deliveries. They manage the flow of people entering the building, ensuring that only those with permission are allowed access. This is especially important in a bustling city like New York, where security risks can be a concern. Having someone who can monitor this traffic adds a vital layer of protection.\n\nIn addition to security, a doorman often acts as a helpful concierge. From directing guests to accepting and storing packages, they streamline tasks that simplify residents’ lives. Whether in a residential or commercial setting, this elevated level of service makes everyday activities more manageable for tenants and visitors alike.\n\nIn today’s world, where convenience and safety are top priorities, doorman services are no longer a luxury—they’re essential. A doorman can enhance your property’s reputation and help ensure your building stands out, providing residents and visitors with an enhanced experience while keeping the property secure. It’s an investment that offers benefits in both security and hospitality, making your building a more desirable place to live or work.\n\nWhether for security, assistance, or an extra touch of professionalism, a doorman is the key to maintaining order and delivering an elevated level of service and a sense of security to your residents.\n\nStep 1 | Submit a Request\nFill out the form on our website or call us to submit a service request.\n\nStep 2 | Consultation and Approval of Terms\nOur specialist will contact you for a consultation. We will discuss all the details, agree on the terms, and calculate the cost of the service.\n\nStep 3 | Contract Signing\nAfter agreeing on all the terms, we prepare and sign the contract.\n\nStep 4 | Service Execution\nOur team of professionals will start the service at the agreed time. You will receive a quality result and cleanliness in your premises.\n\nWe cater to a wide range of commercial properties. Whether you’re managing a small office, a retail space, or a large commercial facility, we’re here to keep your property clean and well-maintained. Our team is experienced in handling both routine cleaning and more specialized maintenance tasks to ensure your space is always in top shape.\n\nWe understand that every business has specific operational hours with various cleaning and maintenance needs throughout the day. NYC Cleaning and Maintenance offers very flexible and customizable schedules to meet your needs. Whether you need daily, weekly, or monthly services, we’ll create a custom plan that works for your property. We aim to ensure that your cleaning and maintenance needs are met without disrupting your day-to-day operations.\n\nAbsolutely! We offer full-service packages, including trash removal. Our team works in sync with your building’s waste collection schedule to ensure everything is handled smoothly. If you have questions or need specific details, feel free to reach out! Our goal is to keep your commercial space clean, safe, and welcoming, allowing you to concentrate on running your business successfully.\n\nAs a business owner, you know that the upkeep of your premises can make or break your success. A dirty workspace reflects badly on your company. It can cause you to lose clients, reduce your property value, and even result in hefty fines for violating sanitary codes. But don’t stress! NYC Cleaning and Maintenance can provide the services you need to keep your premises clean and looking professional.\n\nIn New York’s fast-paced environment, maintaining spotless and functional spaces is essential for commercial success. Unsanitary conditions are not only unappealing but can also lead to lost revenue, and even legal issues. Entrusting your cleaning and maintenance tasks to professionals is the wisest choice to avoid these hassles and keep your business running smoothly.\n\nHere’s why NYC Cleaning and Maintenance services stand out:\n\nFull Coverage: We handle all types of commercial properties, and ensure that your space is always clean and well-maintained.\n\nSchedule Flexibility: We work around your schedule, so you never have to worry about disruptions.\n\nComprehensive Care: We take care of everything from cleaning to garbage disposal. We coordinate with your building’s waste collection schedule for seamless service.\n\nLet us take the stress out of your cleaning and maintenance tasks so you can focus on what matters—growing your business!",Submit a Request; Fill out the form on our website or call us to submit a service request.,"Company Name: NYC Cleaning and Maintenance; Service Area: New York, NYC; Property Types: commercial properties, small office, retail space, large commercial facility; Schedules: daily, weekly, monthly services; Copyright © 2024 NYC Cleaning",Title and meta description were not available from the webpage_extract tool output.,
https://www.nyccleaning.co/services/garbage-bin-cleaning-nyc/,https://www.nyccleaning.co/services/garbage-bin-cleaning-nyc/,true,Not available,Not available,Not found,"Let’s face it, managing trash is one of those unavoidable aspects of city living. If you own or manage commercial property in NYC, you know the struggle all too well. Overflowing trash bins, foul odors, and unsightly garbage areas can turn your daily routine into a nightmare. But there is a way to make this part of city life more manageable. Imagine a solution that not only makes your environment cleaner but also significantly reduces the health hazards associated with unclean garbage containers. That’s where NYC Cleaning and Maintenance comes in.\n\nNew York City has earned a bad reputation for its trash troubles. It’s not uncommon to see dirty alleys and piles of garbage in movies and TV shows set in the city, often with characters wading through the mess. While this portrayal may be exaggerated, managing trash in a bustling metropolis like NYC is no small feat. When you partner with NYC Cleaning and Maintenance, you can keep your property and its surroundings clean and odor-free.\n\nIn a city as vast as New York, expecting community services alone to keep everything spotless is unrealistic. But you can step up and take control of your immediate environment by hiring a garbage bin cleaning service such as NYC Cleaning and Maintenance. We will ensure that the areas around your property stay fresh, clean, and in line with sanitary regulations. Not only will this improve the quality of life for you and your neighbors, but it will also contribute to a healthier community.\n\nYour property probably has a sorting scheme with a dedicated container for every type of waste—glass, plastic, organic, and household trash. Each one requires regular attention to prevent buildup and contamination. At NYC Cleaning and Maintenance, we are equipped to clean all kinds of garbage containers, to ensure that no matter what you’re disposing of, it’s being done in an efficient and sanitary way.\n\nTiming is everything when it comes to garbage management. Our services are designed to fit seamlessly into your schedule. We coordinate with your garbage collection service ensuring a seamless process so that your bins are cleaned immediately after emptied.\n\nViruses, bacteria, and insects are removed with regular cleaning. Moreover, rodents and pests are less attracted to well-kept garbage collection areas. Thorough garbage bin cleaning from NYC Cleaning and Maintenance prevents odor and other types of contamination.\n\nAs a responsible property owner or manager and someone who cares about your community, don’t let the challenge of managing garbage bins become a burden. By choosing NYC Cleaning and Maintenance for your garbage bin cleaning service, you’re taking an important step toward improving not just your environment, but your entire neighborhood. It’s more than just a cleaning service; it’s a commitment to a better quality of life.\n\nStep 1 | Submit a Request\n\nFill out the form on our website or call us to submit a service request.\n\nStep 2 | Consultation and Approval of Terms\n\nOur specialist will contact you for a consultation. We will discuss all the details, agree on the terms, and calculate the cost of the service.\n\nStep 3 | Contract Signing\n\nAfter agreeing on all the terms, we prepare and sign the contract.\n\nStep 4 | Service Execution\n\nOur team of professionals will start the service at the agreed time. You will receive a quality result and cleanliness in your premises.\n\nWe cater to a wide range of commercial properties. Whether you’re managing a small office, a retail space, or a large commercial facility, we’re here to keep your property clean and well-maintained. Our team is experienced in handling both routine cleaning and more specialized maintenance tasks to ensure your space is always in top shape.\n\nWe understand that every business has specific operational hours with various cleaning and maintenance needs throughout the day. NYC Cleaning and Maintenance offers very flexible and customizable schedules to meet your needs. Whether you need daily, weekly, or monthly services, we’ll create a custom plan that works for your property. We aim to ensure that your cleaning and maintenance needs are met without disrupting your day-to-day operations.\n\nAbsolutely! We offer full-service packages, including trash removal. Our team works in sync with your building’s waste collection schedule to ensure everything is handled smoothly. If you have questions or need specific details, feel free to reach out! Our goal is to keep your commercial space clean, safe, and welcoming, allowing you to concentrate on running your business successfully.\n\nAs a business owner, you know that the upkeep of your premises can make or break your success. A dirty workspace reflects badly on your company. It can cause you to lose clients, reduce your property value, and even result in hefty fines for violating sanitary codes. But don’t stress! NYC Cleaning and Maintenance can provide the services you need to keep your premises clean and looking professional.\n\nIn New York’s fast-paced environment, maintaining spotless and functional spaces is essential for commercial success. Unsanitary conditions are not only unappealing but can also lead to lost revenue, and even legal issues. Entrusting your cleaning and maintenance tasks to professionals is the wisest choice to avoid these hassles and keep your business running smoothly.\n\nHere’s why NYC Cleaning and Maintenance services stand out:\n\nFull Coverage: We handle all types of commercial properties, and ensure that your space is always clean and well-maintained.\n\nSchedule Flexibility: We work around your schedule, so you never have to worry about disruptions.\n\nComprehensive Care: We take care of everything from cleaning to garbage disposal. We coordinate with your building’s waste collection schedule for seamless service.\n\nLet us take the stress out of your cleaning and maintenance tasks so you can focus on what matters—growing your business!",Submit a Request; Fill out the form on our website; call us to submit a service request,"NYC Cleaning and Maintenance; New York City; NYC; commercial properties; small office, a retail space, or a large commercial facility; daily, weekly, or monthly services; full-service packages, including trash removal",The webpage_extract tool does not provide HTML title or meta description directly.,
https://www.nyccleaning.co/services/janitorial-office-cleaning-services-nyc/,https://www.nyccleaning.co/services/janitorial-office-cleaning-services-nyc/,true,Not available,Not available,Not found,"In the bustling heart of New York City, keeping an office space clean isn’t just about maintaining appearances; it’s about ensuring the health and safety of everyone who walks through your doors. A spotless office environment boosts productivity, reflects positively on your business, and keeps you in compliance with city regulations. Yet, achieving and maintaining that level of cleanliness can be a real challenge, especially in a city as busy as New York. The good news? There’s a straightforward solution that doesn’t require you to break a sweat or miss a beat in your business operations – janitorial and office cleaning services from NYC Cleaning and Maintenance.\n\nStep 1 | Submit a Request\nFill out the form on our website or call us to submit a service request.\n\nStep 2 | Consultation and Approval of Terms\nOur specialist will contact you for a consultation. We will discuss all the details, agree on the terms, and calculate the cost of the service.\n\nStep 3 | Contract Signing\nAfter agreeing on all the terms, we prepare and sign the contract.\n\nStep 4 | Service Execution\nOur team of professionals will start the service at the agreed time. You will receive a quality result and cleanliness in your premises.\n\nWe cater to a wide range of commercial properties. Whether you’re managing a small office, a retail space, or a large commercial facility, we’re here to keep your property clean and well-maintained. Our team is experienced in handling both routine cleaning and more specialized maintenance tasks to ensure your space is always in top shape.\n\nWe understand that every business has specific operational hours with various cleaning and maintenance needs throughout the day. NYC Cleaning and Maintenance offers very flexible and customizable schedules to meet your needs. Whether you need daily, weekly, or monthly services, we’ll create a custom plan that works for your property. We aim to ensure that your cleaning and maintenance needs are met without disrupting your day-to-day operations.\n\nAbsolutely! We offer full-service packages, including trash removal. Our team works in sync with your building’s waste collection schedule to ensure everything is handled smoothly. If you have questions or need specific details, feel free to reach out! Our goal is to keep your commercial space clean, safe, and welcoming, allowing you to concentrate on running your business successfully.\n\nAs a business owner, you know that the upkeep of your premises can make or break your success. A dirty workspace reflects badly on your company. It can cause you to lose clients, reduce your property value, and even result in hefty fines for violating sanitary codes. But don’t stress! NYC Cleaning and Maintenance can provide the services you need to keep your premises clean and looking professional.\n\nIn New York’s fast-paced environment, maintaining spotless and functional spaces is essential for commercial success. Unsanitary conditions are not only unappealing but can also lead to lost revenue, and even legal issues. Entrusting your cleaning and maintenance tasks to professionals is the wisest choice to avoid these hassles and keep your business running smoothly.\n\nHere’s why NYC Cleaning and Maintenance services stand out:\n\nFull Coverage: We handle all types of commercial properties, and ensure that your space is always clean and well-maintained.\n\nSchedule Flexibility: We work around your schedule, so you never have to worry about disruptions.\n\nComprehensive Care: We take care of everything from cleaning to garbage disposal. We coordinate with your building’s waste collection schedule for seamless service.\n\nLet us take the stress out of your cleaning and maintenance tasks so you can focus on what matters—growing your business!",Submit a Request; Fill out the form on our website or call us to submit a service request,"Service area: New York City; Service types: janitorial, office cleaning, routine cleaning, specialized maintenance, trash removal; Property types: small office, retail space, large commercial facility; Schedules: daily, weekly, monthly; Company: NYC Cleaning and Maintenance; Copyright: 2024 NYC Cleaning",Title and meta description were not directly available from the webpage_extract tool output.,
https://www.nyccleaning.co/services/maintenance-staffing-nyc/,https://www.nyccleaning.co/services/maintenance-staffing-nyc/,true,Not available,Not available,Not found,"Finding reliable, skilled employees for facility maintenance in New York can feel like searching for a needle in a haystack. Whether you’re managing an office building, a commercial space, or a mixed-use property, having a dependable maintenance team is critical to daily operations. However, managing your own maintenance staff can cause a lot of unnecessary stress and problems. High staff turnover is more than just a headache—it’s a threat to your business. When an employee leaves, you’re left scrambling to fill the gap. This often results in lost productivity and a decline in service quality.\nHaving the right maintenance staff isn’t just about keeping things running—it’s about protecting your investment. A well-cared-for property holds its value, remains attractive to tenants, and operates efficiently. Without the right maintenance team, your property can quickly fall into disrepair.\nA good maintenance team can handle office, commercial, and mixed-use buildings. Maintenance professionals should be versatile, and able to manage everything from routine tasks to complex repairs. Our trained maintenance staff will ensure that every part of your property is well cared for and fully operational.\nOne of the primary goals of a solid maintenance team is to prevent high staff turnover. Frequent staff changes disrupt operations and can lead to inconsistent service. A stable, well-managed team keeps your property in good hands.\nBeyond basic building maintenance tasks and repairs, a quality maintenance team focuses on preserving the value of your commercial property. This includes keeping spaces functional, managing trash removal and recycling, and ensuring all areas of the property are in good condition at all times.\nThe best maintenance teams don’t just respond to problems—they anticipate them. By addressing potential issues early, they can help extend the life of your property and keep everything running smoothly.\nNew York is a fast-paced, ever-changing city. The wear and tear on commercial properties can be constant. From minor fixes to significant repairs, the demands are never-ending. You need to consider the unique demands of the city, including the constant foot traffic, complex regulations, and high expectations of tenants. Your maintenance team must be adaptable, knowledgeable, and ready to handle whatever comes their way. Reduce your maintenance headaches! Contact NYC Cleaning and Maintenance today about your maintenance needs.\nStep 1 | Submit a Request\nFill out the form on our website or call us to submit a service request.\nStep 2 | Consultation and Approval of Terms\nOur specialist will contact you for a consultation. We will discuss all the details, agree on the terms, and calculate the cost of the service.\nStep 3 | Contract Signing\nAfter agreeing on all the terms, we prepare and sign the contract.\nStep 4 | Service Execution\nOur team of professionals will start the service at the agreed time. You will receive a quality result and cleanliness in your premises.\nWe cater to a wide range of commercial properties. Whether you’re managing a small office, a retail space, or a large commercial facility, we’re here to keep your property clean and well-maintained. Our team is experienced in handling both routine cleaning and more specialized maintenance tasks to ensure your space is always in top shape.\nWe understand that every business has specific operational hours with various cleaning and maintenance needs throughout the day. NYC Cleaning and Maintenance offers very flexible and customizable schedules to meet your needs. Whether you need daily, weekly, or monthly services, we’ll create a custom plan that works for your property. We aim to ensure that your cleaning and maintenance needs are met without disrupting your day-to-day operations.\nAbsolutely! We offer full-service packages, including trash removal. Our team works in sync with your building’s waste collection schedule to ensure everything is handled smoothly. If you have questions or need specific details, feel free to reach out! Our goal is to keep your commercial space clean, safe, and welcoming, allowing you to concentrate on running your business successfully.\nAs a business owner, you know that the upkeep of your premises can make or break your success. A dirty workspace reflects badly on your company. It can cause you to lose clients, reduce your property value, and even result in hefty fines for violating sanitary codes. But don’t stress! NYC Cleaning and Maintenance can provide the services you need to keep your premises clean and looking professional.\nIn New York’s fast-paced environment, maintaining spotless and functional spaces is essential for commercial success. Unsanitary conditions are not only unappealing but can also lead to lost revenue, and even legal issues. Entrusting your cleaning and maintenance tasks to professionals is the wisest choice to avoid these hassles and keep your business running smoothly.\nHere’s why NYC Cleaning and Maintenance services stand out:\nFull Coverage: We handle all types of commercial properties, and ensure that your space is always clean and well-maintained.\nSchedule Flexibility: We work around your schedule, so you never have to worry about disruptions.\nComprehensive Care: We take care of everything from cleaning to garbage disposal. We coordinate with your building’s waste collection schedule for seamless service.\nLet us take the stress out of your cleaning and maintenance tasks so you can focus on what matters—growing your business!",Submit a Request (form); Contact NYC Cleaning and Maintenance (CTA),"Company Name: NYC Cleaning and Maintenance; Service Area: New York, NYC; Property Types: office building, commercial space, mixed-use property, small office, retail space, large commercial facility; Schedules: daily, weekly, monthly services, flexible and customizable schedules; Copyright Year: 2024","Explicit HTML title, meta description, and H1 tags were not found in the extracted content.",
https://www.nyccleaning.co/services/office-commercial-cleaning-services-nyc/,https://www.nyccleaning.co/services/office-commercial-cleaning-services-nyc/,true,Not available,Not available,Not found,"In a bustling city like New York, first impressions can make or break a business. Imagine walking into an office with gleaming floors, spotless windows, and an atmosphere that smells fresh and clean. Now, compare that to a workspace with dusty desks, dirty carpets, and general signs of neglect. Which one would you rather do business with? Cleanliness isn’t just a luxury—it’s a necessity. That’s where professional office cleaning services can ensure your workspace shines as bright as your brand.\n\nBusy commercial and business properties pose unique challenges to cleanliness and upkeep. Professional cleaning services tailored for office and commercial spaces can handle everything from daily upkeep to deep cleaning services in industrial settings. This requires trained staff, specialized equipment, and specific cleaning solutions to tackle challenges like high-traffic areas, large-scale waste management, and strict hygiene standards required in places like hospitals or restaurants.\n\nExperience: When it comes to your business, expertise matters. A seasoned commercial office cleaning company knows how to maintain a wide variety of properties and workspaces, from small offices to expansive hotels.\nDedication: A committed cleaning team doesn’t do justthe bare minimum; they go above and beyond to ensure every surface sparkles, every piece of furniture is dust-free, and every carpet is clean and fresh.\nTop-Notch Equipment: Our professional teams use state-of-the-art equipment to handle everything from deep carpet scrubbing to high-rise window washing, ensuring that even the toughest grime stands no chance.\nHigh-Quality and Pet-Friendly Supplies: In a city where pets are practically family, cleaning supplies must be effective and safe. High-quality, pet-friendly products guarantee a clean and safe environment for all occupants.\nPolite and Professional Staff: The professionals who handle your cleaning are as important as the service itself. Courteous, professional staff who respect your space and time make the cleaning process smooth and stress-free.\n\nNYC Cleaning and Maintenance teams operate at the highest standards, offering prompt, discreet services to keep your bustling business environment running smoothly.\n\nStep 1 | Submit a Request\nFill out the form on our website or call us to submit a service request.\n\nStep 2 | Consultation and Approval of Terms\nOur specialist will contact you for a consultation. We will discuss all the details, agree on the terms, and calculate the cost of the service.\n\nStep 3 | Contract Signing\nAfter agreeing on all the terms, we prepare and sign the contract.\n\nStep 4 | Service Execution\nOur team of professionals will start the service at the agreed time. You will receive a quality result and cleanliness in your premises.\n\nWe cater to a wide range of commercial properties. Whether you’re managing a small office, a retail space, or a large commercial facility, we’re here to keep your property clean and well-maintained. Our team is experienced in handling both routine cleaning and more specialized maintenance tasks to ensure your space is always in top shape.\n\nWe understand that every business has specific operational hours with various cleaning and maintenance needs throughout the day. NYC Cleaning and Maintenance offers very flexible and customizable schedules to meet your needs. Whether you need daily, weekly, or monthly services, we’ll create a custom plan that works for your property. We aim to ensure that your cleaning and maintenance needs are met without disrupting your day-to-day operations.\n\nAbsolutely! We offer full-service packages, including trash removal. Our team works in sync with your building’s waste collection schedule to ensure everything is handled smoothly. If you have questions or need specific details, feel free to reach out! Our goal is to keep your commercial space clean, safe, and welcoming, allowing you to concentrate on running your business successfully.\n\nAs a business owner, you know that the upkeep of your premises can make or break your success. A dirty workspace reflects badly on your company. It can cause you to lose clients, reduce your property value, and even result in hefty fines for violating sanitary codes. But don’t stress! NYC Cleaning and Maintenance can provide the services you need to keep your premises clean and looking professional.\n\nIn New York’s fast-paced environment, maintaining spotless and functional spaces is essential for commercial success. Unsanitary conditions are not only unappealing but can also lead to lost revenue, and even legal issues. Entrusting your cleaning and maintenance tasks to professionals is the wisest choice to avoid these hassles and keep your business running smoothly.\n\nHere’s why NYC Cleaning and Maintenance services stand out:\n\nFull Coverage: We handle all types of commercial properties, and ensure that your space is always clean and well-maintained.\n\nSchedule Flexibility: We work around your schedule, so you never have to worry about disruptions.\n\nComprehensive Care: We take care of everything from cleaning to garbage disposal. We coordinate with your building’s waste collection schedule for seamless service.\n\nLet us take the stress out of your cleaning and maintenance tasks so you can focus on what matters—growing your business!\n\nCopyright © 2024 NYC Cleaning",Submit a Request; Fill out the form on our website or call us to submit a service request.,"Company Name: NYC Cleaning and Maintenance; Service Area: New York; Property Types: small office, retail space, large commercial facility, commercial properties; Schedules: daily, weekly, monthly services; Copyright: Copyright © 2024 NYC Cleaning","H1, Title, and Meta Description could not be definitively extracted from the markdown content provided by webpage_extract, as it does not retain HTML structure.",
https://www.nyccleaning.co/services/porter-services-nyc/,https://www.nyccleaning.co/services/porter-services-nyc/,true,Not available,Not available,Not found,"The cleaning and management of public areas of any property can be a challenge to maintain. High-traffic zones like lobbies, hallways, and elevators can quickly become untidy, reflecting poorly on your building’s overall appearance. For businesses and property managers, maintaining these areas throughout the day is crucial.\n\nPorter Service from NYC Cleaning and Maintenance provides a dedicated approach to maintaining these areas throughout the day, to keep your property in top condition during business hours. Unlike traditional janitorial services, porters are on-site throughout the day, providing continuous maintenance and ensuring everything stays clean and presentable.\n\nYour lobbies will always be tidy and fresh. Porters ensure that guests and tenants are welcomed into a well-kept area. Corridors and elevators are cleaned inside and out, with timely garbage collection and removal to maintain a pristine environment.\n\nPorters take care of hallways, elevators, and lobbies, ensuring that furniture remains dust-free and plants are well-watered.\n\nWhether your property has carpet or tile flooring, porters will make sure everything shines. They handle vacuuming, window cleaning, and maintaining glass doors, ensuring that every surface sparkles.\n\nStep 1 | Submit a Request\nFill out the form on our website or call us to submit a service request.\n\nStep 2 | Consultation and Approval of Terms\nOur specialist will contact you for a consultation. We will discuss all the details, agree on the terms, and calculate the cost of the service.\n\nStep 3 | Contract Signing\nAfter agreeing on all the terms, we prepare and sign the contract.\n\nStep 4 | Service Execution\nOur team of professionals will start the service at the agreed time. You will receive a quality result and cleanliness in your premises.\n\nWe cater to a wide range of commercial properties. Whether you’re managing a small office, a retail space, or a large commercial facility, we’re here to keep your property clean and well-maintained. Our team is experienced in handling both routine cleaning and more specialized maintenance tasks to ensure your space is always in top shape.\n\nWe understand that every business has specific operational hours with various cleaning and maintenance needs throughout the day. NYC Cleaning and Maintenance offers very flexible and customizable schedules to meet your needs. Whether you need daily, weekly, or monthly services, we’ll create a custom plan that works for your property. We aim to ensure that your cleaning and maintenance needs are met without disrupting your day-to-day operations.\n\nAbsolutely! We offer full-service packages, including trash removal. Our team works in sync with your building’s waste collection schedule to ensure everything is handled smoothly. If you have questions or need specific details, feel free to reach out! Our goal is to keep your commercial space clean, safe, and welcoming, allowing you to concentrate on running your business successfully.\n\nAs a business owner, you know that the upkeep of your premises can make or break your success. A dirty workspace reflects badly on your company. It can cause you to lose clients, reduce your property value, and even result in hefty fines for violating sanitary codes. But don’t stress! NYC Cleaning and Maintenance can provide the services you need to keep your premises clean and looking professional.\n\nIn New York’s fast-paced environment, maintaining spotless and functional spaces is essential for commercial success. Unsanitary conditions are not only unappealing but can also lead to lost revenue, and even legal issues. Entrusting your cleaning and maintenance tasks to professionals is the wisest choice to avoid these hassles and keep your business running smoothly.\n\nHere’s why NYC Cleaning and Maintenance services stand out:\n\nFull Coverage: We handle all types of commercial properties, and ensure that your space is always clean and well-maintained.\n\nSchedule Flexibility: We work around your schedule, so you never have to worry about disruptions.\n\nComprehensive Care: We take care of everything from cleaning to garbage disposal. We coordinate with your building’s waste collection schedule for seamless service.\n\nLet us take the stress out of your cleaning and maintenance tasks so you can focus on what matters—growing your business!",Submit a Request; Fill out the form on our website or call us to submit a service request,"Service area: NYC; Company name: NYC Cleaning and Maintenance; Property types: commercial properties, small office, retail space, large commercial facility; Schedules: daily, weekly, monthly services; Services: Porter Service, janitorial services, trash removal, cleaning, maintenance; Copyright © 2024 NYC Cleaning","Title and meta description not available from webpage_extract tool. H1 not explicitly identified in markdown output, inferred as 'Not found'.",
https://www.nyccleaning.co/services/apartment-cleaning-services-nyc/,https://www.nyccleaning.co/services/apartment-cleaning-services-nyc/,true,Not available,Not available,Not found,"In a city where time is money and property management comes with unique challenges, it can be virtually impossible to maintain a clean and inviting environment without professional assistance. While this might be feasible for smaller properties where the owner has the time and expertise, DIY solutions typically fall short for mid to high-end properties. A professional cleaning service can offer solutions that go beyond basic tasks, like carpet or window cleaning. This keeps your property in excellent condition and enhances the living experience for tenants, making your property a more attractive place to live.\nWhen you contract with NYC Cleaning and Maintenance, we work with you to customize our services to meet the unique needs of your property. Whether you need deep cleaning for move-ins and move-outs, regular maintenance of communal areas, or upkeep for your tenants, we can create a service package that works for you.\nA common misconception is that professional cleaning services are beyond the budget of most property owners or managers. NYC Cleaning and Maintenance offers service packages designed to accommodate various needs and budgets, allowing you to choose options that deliver the essential cleaning services you need without straining your finances.\nAnother common misconception is that hiring a cleaning service will increase property management costs, making it more expensive for tenants. However, hiring a professional apartment cleaning company can lead to cost savings in the long run.\nRegular cleaning can reduce the normal wear and tear of apartments and communal areas. Keeping shared spaces clean can avert the accumulation of dirt and grime that might require extensive and costly repairs. Additionally, a well-maintained property is more attractive to potential renters, leading to higher occupancy rates. Higher occupancy means fewer vacancies, which can positively impact your bottom line.\nWhen you consider the long-term advantages of hiring a professional cleaning company, the cost becomes even more reasonable. Consistent cleaning helps maintain your property’s condition, preventing costly repairs or the need for renovations. Regular upkeep can preserve flooring, prevent mold, and extend the lifespan of appliances. These preventive measures can lead to significant savings over time, making investing in professional cleaning services a financially sound decision.\nProfessional cleaning services from NYC Cleaning and Maintenance provide a superior level of expertise, consistency, and thoroughness. We use specialized cleaning equipment and top-of-the-line cleaning products to eliminate dirt, allergens, and bacteria. We will work with you to define your needs, and then follow systematic cleaning processes that ensure every area of your property is covered. Contact us today for more information.\nStep 1 | Submit a Request\nFill out the form on our website or call us to submit a service request.\nStep 2 | Consultation and Approval of Terms\nOur specialist will contact you for a consultation. We will discuss all the details, agree on the terms, and calculate the cost of the service.\nStep 3 | Contract Signing\nAfter agreeing on all the terms, we prepare and sign the contract.\nStep 4 | Service Execution\nOur team of professionals will start the service at the agreed time. You will receive a quality result and cleanliness in your premises.",form;call us;Contact us today for more information,"NYC Cleaning and Maintenance;NYC Cleaning;service area: NYC;property types: smaller properties, mid to high-end properties, apartments, communal areas;services: deep cleaning for move-ins and move-outs, regular maintenance of communal areas, upkeep for tenants;specialized cleaning equipment;top-of-the-line cleaning products",Title and meta description were not explicitly available in the markdown output from webpage_extract. No explicit H1 tag was found in the markdown content.,
https://www.nyccleaning.co/services/commercial-cleaning-nyc/,https://www.nyccleaning.co/services/commercial-cleaning-nyc/,true,Not available,Not available,Not found,"Finding the ideal commercial cleaning service in New York can be a challenge. The right company must possess a wealth of experience, professional staff, and the necessary tools to impeccably execute the task at hand.\n\nA seasoned commercial cleaning company has the experience to maintain different types of business spaces, from small offices to sprawling hotels.\n\nWhen it comes to keeping your business immaculate, dedication is key. A dedicated cleaning team won’t just do the bare minimum; they’ll go above and beyond to ensure every surface is polished, every piece of furniture is dusted, and every carpet is vacuumed.\n\nThe right tools make all the difference. Professional cleaning companies use state-of-the-art equipment that can tackle everything from deep carpet cleaning to high-rise window washing. This ensures that even the toughest dirt and grime are handled efficiently.\n\nIn a city where pets are practically family, cleaning supplies must be not only effective but also safe. High-quality, pet-friendly products ensure that your space is not only spotless but also safe for all occupants.\n\nLast but not least, the cleaning professionals who perform the work are just as important as the service itself. Polite, professional staff who respect your space and time make the process seamless and stress-free.\n\nWhether you own a hotel, manage an office, or run any other type of commercial property, the cleanliness of your space is crucial. NYC Cleaning and Maintenance will ensure that your property is always spotless, and leave you free to focus on what you do best—running your business.\n\nStep 1 | Submit a Request\nFill out the form on our website or call us to submit a service request.\n\nStep 2 | Consultation and Approval of Terms\nOur specialist will contact you for a consultation. We will discuss all the details, agree on the terms, and calculate the cost of the service.\n\nStep 3 | Contract Signing\nAfter agreeing on all the terms, we prepare and sign the contract.\n\nStep 4 | Service Execution\nOur team of professionals will start the service at the agreed time. You will receive a quality result and cleanliness in your premises.\n\nWe cater to a wide range of commercial properties. Whether you’re managing a small office, a retail space, or a large commercial facility, we’re here to keep your property clean and well-maintained. Our team is experienced in handling both routine cleaning and more specialized maintenance tasks to ensure your space is always in top shape.\n\nWe understand that every business has specific operational hours with various cleaning and maintenance needs throughout the day. NYC Cleaning and Maintenance offers very flexible and customizable schedules to meet your needs. Whether you need daily, weekly, or monthly services, we’ll create a custom plan that works for your property. We aim to ensure that your cleaning and maintenance needs are met without disrupting your day-to-day operations.\n\nAbsolutely! We offer full-service packages, including trash removal. Our team works in sync with your building’s waste collection schedule to ensure everything is handled smoothly. If you have questions or need specific details, feel free to reach out! Our goal is to keep your commercial space clean, safe, and welcoming, allowing you to concentrate on running your business successfully.\n\nAs a business owner, you know that the upkeep of your premises can make or break your success. A dirty workspace reflects badly on your company. It can cause you to lose clients, reduce your property value, and even result in hefty fines for violating sanitary codes. But don’t stress! NYC Cleaning and Maintenance can provide the services you need to keep your premises clean and looking professional.\n\nIn New York’s fast-paced environment, maintaining spotless and functional spaces is essential for commercial success. Unsanitary conditions are not only unappealing but can also lead to lost revenue, and even legal issues. Entrusting your cleaning and maintenance tasks to professionals is the wisest choice to avoid these hassles and keep your business running smoothly.\n\nHere’s why NYC Cleaning and Maintenance services stand out:\n\nFull Coverage: We handle all types of commercial properties, and ensure that your space is always clean and well-maintained.\n\nSchedule Flexibility: We work around your schedule, so you never have to worry about disruptions.\n\nComprehensive Care: We take care of everything from cleaning to garbage disposal. We coordinate with your building’s waste collection schedule for seamless service.\n\nLet us take the stress out of your cleaning and maintenance tasks so you can focus on what matters—growing your business!",Submit a Request; Fill out the form on our website; call us to submit a service request,"NYC Cleaning and Maintenance; New York; commercial properties; small offices; retail space; large commercial facility; daily, weekly, or monthly services; full-service packages, including trash removal; Copyright © 2024 NYC Cleaning",None,
https://www.nyccleaning.co/services/doorman-nyc/,https://www.nyccleaning.co/services/doorman-nyc/,true,Not available,Not available,Not found,"In New York City, life moves fast, and it’s easy to feel like you’re just one face in the crowd. But when you step into your home, you should feel safe, secure, and cared for. However, many apartment dwellers and building managers overlook a crucial element that could elevate their living experience—a doorman. If you think having a doorman is a luxury reserved for only the richest or fanciest buildings, think again. Let’s break down this misconception and explore why having a doorman in your NYC building might just be the upgrade you need.\nAre you ready to shift your perspective? | In pop culture, a doorman is often portrayed as an old-fashioned profession or an extravagant perk exclusive to five-star hotels or luxury residential towers. This couldn’t be further from the truth. The role of a doorman has evolved significantly in New York, and today, they serve as an indispensable part of modern residential life, offering much more than just opening doors.\nA doorman isn’t just about adding a touch of class; it’s about adding functionality and security. Whether you live in a sleek apartment building or manage a mid-sized residential property, you might be surprised at just how much value a doorman can add to your life.\nThe city is big, bustling, and relentless. From managing work to social lives and all the tiny details in between, the typical New Yorker is often stretched thin. That’s where a doorman comes in, offering a much-needed helping hand to make city life a little smoother.\nI magine you’re expecting a package at work or running errands. A doorman ensures your delivery is received and kept safe. Coming home late at night? The doorman adds an extra layer of security, ensuring that only the people meant to enter your building get through. The chaos of daily life can feel a bit more manageable when there’s someone at your door ready to assist.\nYou probably haven’t considered several things when considering hiring a doorman for your building. The benefits go far beyond just holding the door open.\nYour doorman is like your building’s first line of defence. They can screen visitors and deliveries quickly, ensuring that only trusted individuals gain access. Whether it’s a package from your favourite store or a guest you’ve been waiting for, they take the hassle out of monitoring comings and goings.\nA doorman is often the first person you’ll see when entering your building. They greet guests, guide deliveries, and offer directions to visitors. In commercial buildings, this role helps maintain a professional atmosphere, and in residential spaces, it adds warmth and a personal touch that makes coming home feel like… home.\nA doorman is more than a passive presence; they actively coordinate services in the building. From directing maintenance personnel to managing deliveries and scheduling visitor check-ins, their role helps keep the building running smoothly. Their value is in their versatility.\nRegarding pricing, doorman services in NYC vary based on several factors, such as the level of training and experience required. Some buildings may opt for a concierge-style doorman with additional responsibilities like scheduling or tenant assistance, while others may need someone who focuses purely on security and monitoring.\nRegardless of your choice, one thing is certain: hiring a doorman is an investment in the overall comfort, security, and value of your building. We offer transparent pricing for our doorman services, tailored to meet the needs of your residents and building size. Our personnel come fully trained, and equipped to handle everything from screening visitors to providing excellent customer service.\nAdding a doorman to your building is more than just about improving security; it’s about improving the quality of life for residents. From personalized care to the professional screening of visitors, the presence of a doorman can make your property stand out in the competitive NYC market.\nNow is the time to take that step toward making your building a more welcoming, secure, and functional space. Let us help you elevate the level of hospitality your estate provides with our skilled and reliable doormen. Your home should feel like your castle—and we’re here to help you make that happen.\nStep 1 | Submit a Request\nFill out the form on our website or call us to submit a service request.\nStep 2 | Consultation and Approval of Terms\nOur specialist will contact you for a consultation. We will discuss all the details, agree on the terms, and calculate the cost of the service.\nStep 3 | Contract Signing\nAfter agreeing on all the terms, we prepare and sign the contract.\nStep 4 | Service Execution\nOur team of professionals will start the service at the agreed time. You will receive a quality result and cleanliness in your premises.\nWe cater to a wide range of commercial properties. Whether you’re managing a small office, a retail space, or a large commercial facility, we’re here to keep your property clean and well-maintained. Our team is experienced in handling both routine cleaning and more specialized maintenance tasks to ensure your space is always in top shape.\nWe understand that every business has specific operational hours with various cleaning and maintenance needs throughout the day. NYC Cleaning and Maintenance offers very flexible and customizable schedules to meet your needs. Whether you need daily, weekly, or monthly services, we’ll create a custom plan that works for your property. We aim to ensure that your cleaning and maintenance needs are met without disrupting your day-to-day operations.\nAbsolutely! We offer full-service packages, including trash removal. Our team works in sync with your building’s waste collection schedule to ensure everything is handled smoothly. If you have questions or need specific details, feel free to reach out! Our goal is to keep your commercial space clean, safe, and welcoming, allowing you to concentrate on running your business successfully.\nAs a business owner, you know that the upkeep of your premises can make or break your success. A dirty workspace reflects badly on your company. It can cause you to lose clients, reduce your property value, and even result in hefty fines for violating sanitary codes. But don’t stress! NYC Cleaning and Maintenance can provide the services you need to keep your premises clean and looking professional.\nIn New York’s fast-paced environment, maintaining spotless and functional spaces is essential for commercial success. Unsanitary conditions are not only unappealing but can also lead to lost revenue, and even legal issues. Entrusting your cleaning and maintenance tasks to professionals is the wisest choice to avoid these hassles and keep your business running smoothly.\nHere’s why NYC Cleaning and Maintenance services stand out:\nFull Coverage: We handle all types of commercial properties, and ensure that your space is always clean and well-maintained.\nSchedule Flexibility: We work around your schedule, so you never have to worry about disruptions.\nComprehensive Care: We take care of everything from cleaning to garbage disposal. We coordinate with your building’s waste collection schedule for seamless service.\nLet us take the stress out of your cleaning and maintenance tasks so you can focus on what matters—growing your business!",Submit a Request; Fill out the form on our website or call us to submit a service request.,"Service area: NYC; Property types: apartment dwellers, building managers, sleek apartment building, mid-sized residential property, small office, retail space, large commercial facility; Services: doorman services, cleaning, maintenance, trash removal; Schedules: daily, weekly, monthly services; Credentials: Our personnel come fully trained, and equipped to handle everything from screening visitors to providing excellent customer service; Company: NYC Cleaning and Maintenance",The webpage_extract tool does not provide explicit HTML title or meta description. The primary H1 was not explicitly marked in the markdown output.,
https://www.nyccleaning.co/services/commercial-cleaning-services-prices-nyc/,https://www.nyccleaning.co/services/commercial-cleaning-services-prices-nyc/,true,Not available,Not available,Not found,"Finding an affordable yet expert janitorial team in New York can be a real challenge. With the city’s high cost of living and the increasing demand for skilled workers, prices can quickly add up. But paying for these services doesn’t have to break the bank. In this blog post, we’ll explore how to manage your costs effectively without compromising on the quality of your cleaning solutions.\n\nIt’s a common belief that blue-collar workers are easy to find, and the market is overflowing with professionals who have the necessary expertise. However, this belief often crumbles when you start searching for a reliable member of your cleaning team. The cost of hiring an experienced cleaner can seem steep at first. But, as with many things, the initial sum doesn’t tell the whole story.  \nIn New York, the turnover rate for cleaning staff is high, and labor costs are rising. These factors make finding and keeping good workers a real challenge. But if you don’t want your real estate investments to suffer, it’s essential to understand what drives these costs and how you can manage them effectively. Let’s dive into some strategies that can help you save money without sacrificing quality.\n\nThe rent and other expenses in New York are notoriously high, and to the wages of blue-collar workers are no exception. Don’t expect an experienced cleaner to settle for minimal wages, especially if they have specialized skills. The more expertise a worker has, the higher their labor costs will be.\n\nTake, for example, an employee skilled in the electrical upkeep of corporate buildings. Finding such a professional is like discovering a unicorn—they’re rare, and their skills are in high demand. As a result, their wages are higher than those of a general cleaner. Before you decide to hire more staff, it’s crucial to understand these dynamics and plan your budget accordingly.\n\nSeveral positions contribute to the price tag of janitorial solutions in New York. Here are three key features that significantly impact the final bill:\n\nLocation: Where your property is located in New York can greatly affect the cost of these services. Properties in prime areas like Manhattan or Brooklyn may come with a higher price tag due to the increased cost of living and doing business in those areas. Additionally, buildings that are difficult to access or require special permits may also see higher service fees.  \nScope of Work: The more extensive the cleaning requirements, the higher the cost. Fundamental tasks such as vacuuming and dusting are more economical compared to specialized services like deep cleaning, floor waxing, or window washing for high-rise buildings. Having a precise understanding of your property’s specific needs can assist in avoiding unnecessary expenses.\n\nFrequency: the rate of involvement of janitorial assistance will also influence the price. Daily cleaning will cost more than a weekly or bi-weekly service. However, regular maintenance can sometimes save money in the long run by preventing the buildup of dirt and grime that requires more intensive cleaning.\n\nIn New York, janitorial services are essential, but that doesn’t mean you have to overpay. By understanding the factors that influence pricing and planning accordingly, you can find a balance between cost and quality. Whether it’s choosing a service provider in a less expensive area, narrowing down the scope of work, or adjusting the frequency of cleanings, there are ways to manage your expenses effectively.  \nRemember, the goal is to get the most value for your money. With the right approach, you can keep your property spotless without paying through the nose. So, if you’re ready to tackle the high costs of janitorial services in New York, start by getting informed and making strategic decisions. It’s all about working smarter, not harder when it comes to keeping your property clean and well-maintained.\n\nStep 1 | Submit a Request\n\nFill out the form on our website or call us to submit a service request.\n\nStep 2 | Consultation and Approval of Terms\n\nOur specialist will contact you for a consultation. We will discuss all the details, agree on the terms, and calculate the cost of the service.\n\nStep 3 | Contract Signing\n\nAfter agreeing on all the terms, we prepare and sign the contract.\n\nStep 4 | Service Execution\n\nOur team of professionals will start the service at the agreed time. You will receive a quality result and cleanliness in your premises.\n\nWe cater to a wide range of commercial properties. Whether you’re managing a small office, a retail space, or a large commercial facility, we’re here to keep your property clean and well-maintained. Our team is experienced in handling both routine cleaning and more specialized maintenance tasks to ensure your space is always in top shape.\n\nWe understand that every business has specific operational hours with various cleaning and maintenance needs throughout the day. NYC Cleaning and Maintenance offers very flexible and customizable schedules to meet your needs. Whether you need daily, weekly, or monthly services, we’ll create a custom plan that works for your property. We aim to ensure that your cleaning and maintenance needs are met without disrupting your day-to-day operations.\n\nAbsolutely! We offer full-service packages, including trash removal. Our team works in sync with your building’s waste collection schedule to ensure everything is handled smoothly. If you have questions or need specific details, feel free to reach out! Our goal is to keep your commercial space clean, safe, and welcoming, allowing you to concentrate on running your business successfully.\n\nAs a business owner, you know that the upkeep of your premises can make or break your success. A dirty workspace reflects badly on your company. It can cause you to lose clients, reduce your property value, and even result in hefty fines for violating sanitary codes. But don’t stress! NYC Cleaning and Maintenance can provide the services you need to keep your premises clean and looking professional.\n\nIn New York’s fast-paced environment, maintaining spotless and functional spaces is essential for commercial success. Unsanitary conditions are not only unappealing but can also lead to lost revenue, and even legal issues. Entrusting your cleaning and maintenance tasks to professionals is the wisest choice to avoid these hassles and keep your business running smoothly.\n\nHere’s why NYC Cleaning and Maintenance services stand out:\n\nFull Coverage: We handle all types of commercial properties, and ensure that your space is always clean and well-maintained.\n\nSchedule Flexibility: We work around your schedule, so you never have to worry about disruptions.\n\nComprehensive Care: We take care of everything from cleaning to garbage disposal. We coordinate with your building’s waste collection schedule for seamless service.\n\nLet us take the stress out of your cleaning and maintenance tasks so you can focus on what matters—growing your business!\n\nCopyright © 2024 NYC Cleaning",Submit a Request; Fill out the form on our website or call us to submit a service request.; reach out!,"NYC Cleaning and Maintenance; New York; Manhattan; Brooklyn; daily, weekly, or monthly services; Full Coverage; Schedule Flexibility; Comprehensive Care; Copyright © 2024 NYC Cleaning",None,
https://www.nyccleaning.co/services/property-cleaning-services-nyc/,https://www.nyccleaning.co/services/property-cleaning-services-nyc/,true,Not available,Not available,Not found,"In a city that never sleeps, first impressions are everything. That’s why New York businesses recognize the importance of investing in expert cleaning services. Clean, well-maintained buildings attract customers and create a positive, healthy work environment for employees. In a competitive commercial property market like NYC, cleanliness isn’t just about aesthetics, it’s about reputation.\n\nManaging and maintaining business and mixed-use buildings in New York City is no easy task. These spaces are bustling with activity, and keeping them clean and presentable is a constant challenge. By outsourcing cleaning, property managers and business owners can focus on what they do best, leaving the dirty work to the experts.\n\nNYC Cleaning and Maintenance offers unmatched cleaning expertise, ensuring every corner of your property is spotless and well-kept. We offer a wide range of services that can be tailored to meet the unique needs of your business or property. NYC Cleaning and Maintenance can make your life easier as well as enhance the value and appeal of your commercial property.\n\nWith the right property cleaning team, you can ensure that your building or business stays a welcoming, spotless haven for everyone who steps through its doors. Contact us today for more information.\n\nStep 1 | Submit a Request\nFill out the form on our website or call us to submit a service request.\n\nStep 2 | Consultation and Approval of Terms\nOur specialist will contact you for a consultation. We will discuss all the details, agree on the terms, and calculate the cost of the service.\n\nStep 3 | Contract Signing\nAfter agreeing on all the terms, we prepare and sign the contract.\n\nStep 4 | Service Execution\nOur team of professionals will start the service at the agreed time. You will receive a quality result and cleanliness in your premises.",Submit a Request; Contact us today for more information.; Fill out the form on our website or call us to submit a service request.,New York businesses; NYC; NYC Cleaning and Maintenance offers unmatched cleaning expertise; wide range of services that can be tailored to meet the unique needs of your business or property; NYC Cleaning and Maintenance can make your life easier as well as enhance the value and appeal of your commercial property.,Title and meta description not available from webpage_extract. No explicit H1 tag found in markdown output.,
https://www.nyccleaning.co/services/sweeping-trash-nyc/,https://www.nyccleaning.co/services/sweeping-trash-nyc/,true,Not available,Not available,Sweeping and Trash Removal Services in NYC,"If you own a residential building, the area around it is like a business card. The cleanliness and orderliness of your building can make or break a first impression. Potential tenants often judge a property by its exterior before they step inside while existing tenants are more likely to stay if their surroundings are well-maintained. Given the dense population of New York, efficient sweeping and trash management is crucial to maintaining a positive image and meeting public health standards.\n\nTrash can cleaning is a vital but often overlooked part of property maintenance. Trash can cleaning goes beyond merely emptying the bins; it involves a thorough washing and disinfecting of the containers, eliminating odors, bacteria, and pests. A clean trash area not only contributes to the overall aesthetic of your property but also promotes a healthier environment for residents. NYC Cleaning and Maintenance can help ensure:\n\nOdor Control: Regular cleaning of garbage bins eliminates unpleasant smells, which can deter tenants and visitors alike.\n\nPest Prevention: Clean trash cans are less likely to attract pests or become breeding grounds for dangerous bacteria.\n\nEnhanced Property Appearance: Sparkling clean trash areas improve your property’s appearance, making it more inviting.\n\nHygienic Environment: Clean trash cans reduce the risk of bacteria and germs spreading, contributing to the health and safety of residents.\n\nRegulatory Compliance: Ensures your property adheres to local health and sanitation regulations.\n\nImproved Tenant Satisfaction: Clean and well-maintained trash areas are a key factor in tenant retention.\n\nIncreased Property Value: A well-maintained property, including clean trash areas, can positively impact property value.\n\nTime and Effort Savings: Professional services handle the dirty work, freeing up time for property managers to focus on other tasks.\n\nStreet sweeping services are vital for maintaining the curb appeal of your property. This service involves the removal of debris, dirt, and litter from the streets and sidewalks around your property. Regular sweeping not only keeps the area clean but also prevents potential hazards like slippery surfaces and blocked storm drains. Benefits of street sweeping services from NYC Cleaning and Maintenance include:\n\nImproved Curb Appeal: Clean streets make a strong first impression on potential tenants and visitors.\n\nSafety Enhancement: Regular sweeping removes debris that could cause accidents or block storm drains, reducing the risk of flooding.\n\nEnvironmental Protection: Properly managed street debris prevents pollutants from entering waterways, contributing to environmental conservation.\n\nCommunity Aesthetics: Well-maintained streets enhance the overall appearance of the neighborhood, reflecting positively on your property.\n\nParking spaces are often the first area tenants and their guests encounter, making their cleanliness crucial. Sweeping services eliminate dirt, litter, and debris from parking areas, ensuring they stay clean and inviting. Our services use specialized equipment to thoroughly clean every corner of the lot, providing a level of cleanliness that regular maintenance staff might not achieve.\n\nFirst Impressions: A clean parking lot sets a positive tone for visitors before they even step out of their vehicles.\n\nReduced Maintenance Costs: Regular sweeping prevents debris from accumulating, reducing wear and tear on the lot’s surface and extending its lifespan.\n\nSafety for Residents: Removes potentially hazardous debris, reducing the risk of slip-and-fall accidents.\n\nEnhanced Property Value: A well-groomed parking area is a key factor in maintaining and increasing property value.\n\nContact us today to discuss how our services can improve your property’s appeal.\n\nStep 1 | Submit a Request\n\nFill out the form on our website or call us to submit a service request.\n\nStep 2 | Consultation and Approval of Terms\n\nOur specialist will contact you for a consultation. We will discuss all the details, agree on the terms, and calculate the cost of the service.\n\nStep 3 | Contract Signing\n\nAfter agreeing on all the terms, we prepare and sign the contract.\n\nStep 4 | Service Execution\n\nOur team of professionals will start the service at the agreed time. You will receive a quality result and cleanliness in your premises.\n\nWe cater to a wide range of commercial properties. Whether you’re managing a small office, a retail space, or a large commercial facility, we’re here to keep your property clean and well-maintained. Our team is experienced in handling both routine cleaning and more specialized maintenance tasks to ensure your space is always in top shape.\n\nWe understand that every business has specific operational hours with various cleaning and maintenance needs throughout the day. NYC Cleaning and Maintenance offers very flexible and customizable schedules to meet your needs. Whether you need daily, weekly, or monthly services, we’ll create a custom plan that works for your property. We aim to ensure that your cleaning and maintenance needs are met without disrupting your day-to-day operations.\n\nAbsolutely! We offer full-service packages, including trash removal. Our team works in sync with your building’s waste collection schedule to ensure everything is handled smoothly. If you have questions or need specific details, feel free to reach out! Our goal is to keep your commercial space clean, safe, and welcoming, allowing you to concentrate on running your business successfully.\n\nAs a business owner, you know that the upkeep of your premises can make or break your success. A dirty workspace reflects badly on your company. It can cause you to lose clients, reduce your property value, and even result in hefty fines for violating sanitary codes. But don’t stress! NYC Cleaning and Maintenance can provide the services you need to keep your premises clean and looking professional.\n\nIn New York’s fast-paced environment, maintaining spotless and functional spaces is essential for commercial success. Unsanitary conditions are not only unappealing but can also lead to lost revenue, and even legal issues. Entrusting your cleaning and maintenance tasks to professionals is the wisest choice to avoid these hassles and keep your business running smoothly.\n\nHere’s why NYC Cleaning and Maintenance services stand out:\n\nFull Coverage: We handle all types of commercial properties, and ensure that your space is always clean and well-maintained.\n\nSchedule Flexibility: We work around your schedule, so you never have to worry about disruptions.\n\nComprehensive Care: We take care of everything from cleaning to garbage disposal. We coordinate with your building’s waste collection schedule for seamless service.\n\nLet us take the stress out of your cleaning and maintenance tasks so you can focus on what matters—growing your business!",Contact us today to discuss how our services can improve your property’s appeal.; Submit a Request,"Service area: New York; Services: Sweeping and trash management, trash can cleaning, street sweeping, parking space cleaning, routine cleaning, specialized maintenance tasks, trash removal; Property types: Residential building, small office, retail space, large commercial facility, commercial properties; Schedules: Daily, weekly, or monthly services, flexible and customizable schedules; Company Name: NYC Cleaning and Maintenance; Copyright: Copyright © 2024 NYC Cleaning",None,
